5023,1721.6593750926481,-2.36632302072453,2020-02-28 19:47:32.162970
5024,1768.0639299709017,-1.2372250826315936,2020-02-28 19:47:32.162970
5025,1725.5622044114423,-2.307024684675307,2020-02-28 19:47:32.162970
5026,1761.8076086124988,-1.2569779233802265,2020-02-28 19:47:32.162970
0032,1753.567580150211,-3.7355474066700145,2020-02-28 19:47:32.162970
5023,1768.5363091496695,-1.3348300485420497,2020-02-28 19:47:33.163003
5024,1734.7732433523354,-4.610064580079797,2020-02-28 19:47:33.163003
5025,1759.397444359349,-5.128841613451005,2020-02-28 19:47:33.163003
5026,1754.247038318575,-4.933285941525308,2020-02-28 19:47:33.163003
0032,1798.4082428644128,-4.589569261727408,2020-02-28 19:47:33.163003
5023,1739.8592802617873,-3.1499623240903984,2020-02-28 19:47:34.164185
5024,1797.2112721505962,-4.381045944023165,2020-02-28 19:47:34.164185
5025,1773.667089407094,-2.2796863808106163,2020-02-28 19:47:34.164185
5026,1708.2720288399855,-1.6163522410100586,2020-02-28 19:47:34.164185
0032,1782.0505850324423,-4.329458789772289,2020-02-28 19:47:34.164185
5023,1752.4833260731834,-2.6001907733371454,2020-02-28 19:47:35.165803
5024,1771.0027406434422,-1.3112719880496808,2020-02-28 19:47:35.165803
5025,1772.3406460497336,-3.2984194022250013,2020-02-28 19:47:35.165803
5026,1767.5577937580829,-2.5937817015981723,2020-02-28 19:47:35.165803
0032,1726.6233689975609,-3.2405174235890843,2020-02-28 19:47:35.165803
5023,1742.4480940664396,-2.262336789090111,2020-02-28 19:47:36.166533
5024,1731.6473323917396,-3.59513446805006,2020-02-28 19:47:36.166533
5025,1780.869965359298,-1.8679020890648177,2020-02-28 19:47:36.166533
5026,1751.8705487426537,-1.7888624056805136,2020-02-28 19:47:36.166533
0032,1726.324288165848,-4.410080522031176,2020-02-28 19:47:36.166533
5023,1759.7729184974942,-1.3646570783313678,2020-02-28 19:47:37.166563
5024,1763.6024561714808,-1.5375039959337302,2020-02-28 19:47:37.166563
5025,1701.0906896164518,-3.1957538833764962,2020-02-28 19:47:37.166563
5026,1795.7740532696998,-4.446310811400683,2020-02-28 19:47:37.166563
0032,1779.5934679777995,-2.7447035112992837,2020-02-28 19:47:37.166563
5023,1789.88226556236,-4.255610407763489,2020-02-28 19:47:38.167398
5024,1715.7883930966943,-4.110722011277632,2020-02-28 19:47:38.167398
5025,1722.5898282846474,-2.856288222552379,2020-02-28 19:47:38.167398
5026,1733.7336129744608,-1.7190782853766433,2020-02-28 19:47:38.167398
0032,1768.6646250123108,-2.052279671717801,2020-02-28 19:47:38.167398
5023,1797.4562942682421,-3.1403409584753024,2020-02-28 19:47:39.171795
5024,1772.3605113755882,-3.3288780047577013,2020-02-28 19:47:39.171795
5025,1765.7104073729483,-2.0033021825895645,2020-02-28 19:47:39.171795
5026,1736.3332128895656,-2.1292997126323736,2020-02-28 19:47:39.171795
0032,1782.905122273985,-4.1832009614147045,2020-02-28 19:47:39.171795
5023,1791.459604077186,-4.704214799345994,2020-02-28 19:47:40.172298
5024,1751.931809353407,-3.0397180307075344,2020-02-28 19:47:40.172298
5025,1797.3581623303896,-1.2836722972065138,2020-02-28 19:47:40.172298
5026,1728.330413950268,-1.8598602176843704,2020-02-28 19:47:40.172298
0032,1722.4528746404817,-4.016499543764349,2020-02-28 19:47:40.172298
5023,1739.4565515504619,-1.9389729480513398,2020-02-28 19:47:41.172481
5024,1715.8441448002527,-2.2074322912131796,2020-02-28 19:47:41.172481
5025,1740.4730243585077,-1.802246517049206,2020-02-28 19:47:41.172481
5026,1779.0089501398377,-3.518835014818499,2020-02-28 19:47:41.172481
0032,1709.6850863713805,-3.599949996192519,2020-02-28 19:47:41.172481
5023,1758.2269451897473,-2.9422325076994817,2020-02-28 19:47:42.172502
5024,1782.4311202084546,-3.443117208907594,2020-02-28 19:47:42.172502
5025,1721.1041580382864,-3.75573397770708,2020-02-28 19:47:42.172502
5026,1756.0599351363942,-2.4357323009323335,2020-02-28 19:47:42.172502
0032,1762.3347445186016,-3.0088382409343115,2020-02-28 19:47:42.172502
5023,1732.2983390003192,-4.165071047092962,2020-02-28 19:47:43.172596
5024,1796.573439591011,-3.0557879921403774,2020-02-28 19:47:43.172596
5025,1726.8848012140152,-3.588636302844396,2020-02-28 19:47:43.172596
5026,1715.4927325358424,-3.7837082772238633,2020-02-28 19:47:43.172596
0032,1766.311314408675,-1.1678026135381705,2020-02-28 19:47:43.172596
5023,1706.5565695265468,-2.843647331322933,2020-02-28 19:47:44.172825
5024,1735.0438653825897,-3.662558680641557,2020-02-28 19:47:44.172825
5025,1748.893218214482,-1.8029670548076462,2020-02-28 19:47:44.172825
5026,1773.6587319126666,-3.462184941109606,2020-02-28 19:47:44.172825
0032,1743.976339886055,-4.679195486491493,2020-02-28 19:47:44.172825
5023,1700.600924091436,-3.9508984721930704,2020-02-28 19:47:45.173787
5024,1791.9579833619284,-3.448929859007624,2020-02-28 19:47:45.173787
5025,1711.1820716124448,-5.254660246781131,2020-02-28 19:47:45.173787
5026,1755.5319520341623,-3.9941736550260023,2020-02-28 19:47:45.173787
0032,1785.9301647473055,-4.49582824136903,2020-02-28 19:47:45.173787
5023,1707.8277629679728,-5.087500900738028,2020-02-28 19:47:46.174134
5024,1733.498731909535,-4.128026419546106,2020-02-28 19:47:46.174134
5025,1727.179287855595,-1.9900678504454596,2020-02-28 19:47:46.174134
5026,1778.3549021281794,-4.579626381090883,2020-02-28 19:47:46.174134
0032,1767.782923237812,-3.698393125949766,2020-02-28 19:47:46.174134
5023,1788.1465516132064,-1.863297495795719,2020-02-28 19:47:47.174775
5024,1762.4879155151757,-3.6055616062298093,2020-02-28 19:47:47.174775
5025,1740.5721927413686,-1.8408376328958167,2020-02-28 19:47:47.174775
5026,1754.0574491464752,-4.135238500131085,2020-02-28 19:47:47.174775
0032,1788.3739769917602,-3.368966478920554,2020-02-28 19:47:47.174775
5023,1705.3232294334223,-3.3578359282352643,2020-02-28 19:47:48.175780
5024,1755.0053054200894,-3.3970419442477744,2020-02-28 19:47:48.175780
5025,1775.7642144577092,-2.357006068575788,2020-02-28 19:47:48.175780
5026,1719.6344203136723,-2.9253930545561566,2020-02-28 19:47:48.175780
0032,1758.0623548586925,-4.398385115027606,2020-02-28 19:47:48.175780
5023,1786.084652847046,-2.1278106897458384,2020-02-28 19:47:49.175807
5024,1790.801769143502,-5.025234070861241,2020-02-28 19:47:49.175807
5025,1793.3289266472182,-1.6397559935949189,2020-02-28 19:47:49.175807
5026,1749.1691370839765,-1.8286305184180849,2020-02-28 19:47:49.175807
0032,1773.793816335516,-3.783353141284556,2020-02-28 19:47:49.175807
5023,1790.7652783415972,-4.090676292280733,2020-02-28 19:47:50.175903
5024,1725.4826669756671,-2.0345671897094952,2020-02-28 19:47:50.175903
5025,1708.4514063017727,-2.576999955017489,2020-02-28 19:47:50.175903
5026,1762.3182505095897,-3.2606236514173106,2020-02-28 19:47:50.175903
0032,1715.1651662412514,-4.334984546156269,2020-02-28 19:47:50.175903
5023,1755.0446373173722,-2.794198383949093,2020-02-28 19:47:51.175961
5024,1763.2670654612884,-5.25170497454705,2020-02-28 19:47:51.175961
5025,1773.8364727795915,-1.5569387949214657,2020-02-28 19:47:51.175961
5026,1755.1327836281214,-2.547128694881218,2020-02-28 19:47:51.175961
0032,1715.3415414694239,-2.9174983850021765,2020-02-28 19:47:51.175961
5023,1710.5627332219703,-3.218559071061526,2020-02-28 19:47:52.176387
5024,1731.1307327943541,-1.3400900234758777,2020-02-28 19:47:52.176387
5025,1721.462932165373,-1.3706405797181858,2020-02-28 19:47:52.176387
5026,1732.0585784491604,-4.230213393579119,2020-02-28 19:47:52.176387
0032,1773.9162754660515,-4.3496366493456495,2020-02-28 19:47:52.176387
5023,1707.4909260217128,-2.2054091994962355,2020-02-28 19:47:53.176871
5024,1753.0739626556024,-1.7017930539879607,2020-02-28 19:47:53.176871
5025,1736.9831070263851,-5.121730995466479,2020-02-28 19:47:53.176871
5026,1755.0037853593901,-2.571732387648057,2020-02-28 19:47:53.176871
0032,1796.463022628889,-3.9627785887548574,2020-02-28 19:47:53.176871
5023,1751.1484818931358,-4.9393966484755,2020-02-28 19:47:54.177097
5024,1715.6856960155865,-3.1316830524557893,2020-02-28 19:47:54.177097
5025,1711.1399384284211,-1.3748408073636367,2020-02-28 19:47:54.177097
5026,1754.9741188912278,-3.6156515454870672,2020-02-28 19:47:54.177097
0032,1780.3954291004438,-2.0180860116325134,2020-02-28 19:47:54.177097
5023,1764.9199397123423,-4.65186265036248,2020-02-28 19:47:55.177693
5024,1754.9374366762863,-3.9157362123651946,2020-02-28 19:47:55.177693
5025,1723.0356740448592,-2.51361946308499,2020-02-28 19:47:55.177693
5026,1736.5186260109733,-1.2890047130187279,2020-02-28 19:47:55.177693
0032,1702.215811967126,-1.1087915521404232,2020-02-28 19:47:55.178669
5023,1786.089214846377,-3.285786589455884,2020-02-28 19:47:56.179132
5024,1710.557607327565,-1.8182171800688591,2020-02-28 19:47:56.179132
5025,1770.8501720132238,-2.0572067366758247,2020-02-28 19:47:56.179132
5026,1799.7016433566607,-4.145888054052272,2020-02-28 19:47:56.179132
0032,1775.1469166732431,-1.354119035222073,2020-02-28 19:47:56.179132
5023,1739.5683616440679,-3.8367084296280676,2020-02-28 19:47:57.179513
5024,1773.1433273081,-3.995392222637048,2020-02-28 19:47:57.179513
5025,1734.0510016871046,-1.5492886497409053,2020-02-28 19:47:57.179513
5026,1730.6700841331528,-2.083922498419432,2020-02-28 19:47:57.179513
0032,1752.5948977555556,-3.9568643298888873,2020-02-28 19:47:57.179513
5023,1753.9949250412667,-3.024550294291723,2020-02-28 19:47:58.179897
5024,1725.4807644007096,-2.7194643733068258,2020-02-28 19:47:58.179897
5025,1713.8124456800438,-3.94375424998147,2020-02-28 19:47:58.179897
5026,1766.0479258303778,-3.3610216718469093,2020-02-28 19:47:58.179897
0032,1727.1628203291593,-5.278875120458373,2020-02-28 19:47:58.179897
5023,1757.3825027350515,-1.1195586985292163,2020-02-28 19:47:59.180612
5024,1773.6706804578232,-4.023566635060242,2020-02-28 19:47:59.180612
5025,1712.8103436354409,-4.6310244027008265,2020-02-28 19:47:59.180612
5026,1709.8636609939813,-2.7839789685617573,2020-02-28 19:47:59.180612
0032,1781.876223260569,-5.125451647715027,2020-02-28 19:47:59.180612
5023,1791.30542907219,-2.830029462433461,2020-02-28 19:48:00.180655
5024,1789.8114113504616,-2.498860323042327,2020-02-28 19:48:00.180655
5025,1791.6478786657267,-3.60709737502789,2020-02-28 19:48:00.180655
5026,1794.347780595914,-4.19687694924964,2020-02-28 19:48:00.180655
0032,1709.9886284914717,-3.9921608644014444,2020-02-28 19:48:00.180655
5023,1732.3218112352022,-1.645673553087717,2020-02-28 19:48:01.180695
5024,1755.0093460049402,-4.915515399260911,2020-02-28 19:48:01.180695
5025,1729.6481921825437,-5.071806997403856,2020-02-28 19:48:01.180695
5026,1710.6181464502188,-1.5096508498996601,2020-02-28 19:48:01.180695
0032,1779.0334682448417,-4.5335445135011785,2020-02-28 19:48:01.180695
5023,1740.757902780744,-4.767014685840292,2020-02-28 19:48:02.180729
5024,1751.5490620047235,-3.771925787942711,2020-02-28 19:48:02.180729
5025,1700.687345933225,-1.8709782520052656,2020-02-28 19:48:02.180729
5026,1763.5861110235533,-2.1245640150354865,2020-02-28 19:48:02.180729
0032,1742.7920936139703,-2.1283322793166892,2020-02-28 19:48:02.180729
5023,1779.905805903635,-4.575330873522349,2020-02-28 19:48:03.180766
5024,1770.8440290466162,-4.533440350287686,2020-02-28 19:48:03.180766
5025,1707.7894484227902,-4.872874845823982,2020-02-28 19:48:03.180766
5026,1778.0065635960223,-4.925230310285532,2020-02-28 19:48:03.180766
0032,1765.4217989375966,-4.1724221029778334,2020-02-28 19:48:03.180766
5023,1796.2487241993267,-4.993813175464686,2020-02-28 19:48:04.181132
5024,1720.33499381632,-3.091369664513821,2020-02-28 19:48:04.181132
5025,1705.609972552015,-1.4208855839284769,2020-02-28 19:48:04.181132
5026,1746.2656917344734,-4.8177798014694915,2020-02-28 19:48:04.181132
0032,1735.584446085138,-1.4735116449856829,2020-02-28 19:48:04.181132
5023,1788.4535092199355,-3.8132573597139103,2020-02-28 19:48:05.181511
5024,1702.876744067236,-2.5151056467396113,2020-02-28 19:48:05.181511
5025,1771.3111179141754,-3.1278893724972585,2020-02-28 19:48:05.181511
5026,1788.5623157760997,-1.8913101718068548,2020-02-28 19:48:05.181511
0032,1709.5766465564113,-4.403338609904441,2020-02-28 19:48:05.181511
5023,1714.2057301334553,-3.1071082605520455,2020-02-28 19:48:06.182491
5024,1784.9020858440404,-2.134158612025197,2020-02-28 19:48:06.182491
5025,1735.4507168653756,-1.1077042438715354,2020-02-28 19:48:06.182491
5026,1747.1389254755054,-4.440065442312707,2020-02-28 19:48:06.182491
0032,1789.317274105506,-4.152766146498557,2020-02-28 19:48:06.182491
5023,1756.2354006041464,-1.9848079138625891,2020-02-28 19:48:07.183347
5024,1783.8716567522304,-4.237040123179088,2020-02-28 19:48:07.183347
5025,1740.2304125956007,-1.8663027132082157,2020-02-28 19:48:07.183347
5026,1762.5879112350756,-4.2558091526591175,2020-02-28 19:48:07.183347
0032,1770.122411388395,-3.9349348683184564,2020-02-28 19:48:07.183347
5023,1767.7212775834796,-1.3745516834369136,2020-02-28 19:48:08.184469
5024,1777.7296715022771,-2.231652424217294,2020-02-28 19:48:08.184469
5025,1726.8506141288003,-1.515926481975669,2020-02-28 19:48:08.184469
5026,1759.7264275376078,-4.7493790817196855,2020-02-28 19:48:08.184469
0032,1717.212785110339,-5.076165322486288,2020-02-28 19:48:08.184469
5023,1762.8424410599744,-2.8509611064940508,2020-02-28 19:48:09.184480
5024,1703.3935017648898,-2.0989490489277576,2020-02-28 19:48:09.184480
5025,1797.6065880101182,-2.6696741678012894,2020-02-28 19:48:09.184480
5026,1789.6864894420692,-4.030743849588953,2020-02-28 19:48:09.184480
0032,1726.4507824044888,-1.3805567558499319,2020-02-28 19:48:09.184480
5023,1761.602992436927,-2.1262090535580267,2020-02-28 19:48:10.185054
5024,1707.2392461387146,-2.3077109188045255,2020-02-28 19:48:10.185054
5025,1707.8229807452585,-3.7697545305240263,2020-02-28 19:48:10.185054
5026,1768.3932558560318,-1.1528350879566185,2020-02-28 19:48:10.185054
0032,1747.1114339573246,-3.5717216896889727,2020-02-28 19:48:10.185054
5023,1771.1737358957596,-2.6308962364275246,2020-02-28 19:48:11.185101
5024,1787.0211602838137,-2.0553686598335137,2020-02-28 19:48:11.185101
5025,1718.462762242728,-4.239793865033498,2020-02-28 19:48:11.185101
5026,1762.5070164577264,-4.518948140642111,2020-02-28 19:48:11.185101
0032,1736.2238956797985,-5.26224043570842,2020-02-28 19:48:11.185101
5023,1783.3327205404557,-1.502829455296637,2020-02-28 19:48:12.185652
5024,1743.8853946822098,-3.98577759977067,2020-02-28 19:48:12.185652
5025,1754.642631353666,-3.723144402376466,2020-02-28 19:48:12.185652
5026,1704.9380381839194,-1.3070854041210875,2020-02-28 19:48:12.185652
0032,1716.3965382387184,-3.089602344026288,2020-02-28 19:48:12.185652
5023,1728.9320110882206,-2.615766374829116,2020-02-28 19:48:13.185703
5024,1742.6500240754663,-3.5096372602013104,2020-02-28 19:48:13.185703
5025,1743.609394366883,-2.8255469323506626,2020-02-28 19:48:13.185703
5026,1788.8633945597974,-5.189712431002352,2020-02-28 19:48:13.185703
0032,1709.2633103683036,-2.2811866938085177,2020-02-28 19:48:13.185703
5023,1791.717122606799,-4.896719056081627,2020-02-28 19:48:14.186329
5024,1790.2720476639574,-4.135096024210753,2020-02-28 19:48:14.186329
5025,1752.780395764775,-4.545311861050574,2020-02-28 19:48:14.186329
5026,1724.4963269328614,-3.102778035346239,2020-02-28 19:48:14.186329
0032,1704.9081013746386,-4.075363434252328,2020-02-28 19:48:14.186329
5023,1704.6530302425067,-3.940260157728556,2020-02-28 19:48:15.186529
5024,1739.4426303527919,-5.143087046453865,2020-02-28 19:48:15.186529
5025,1739.3922857743962,-2.081167688403087,2020-02-28 19:48:15.186529
5026,1769.6109255325475,-2.1188429677318004,2020-02-28 19:48:15.186529
0032,1736.3379473837015,-2.5598505989791667,2020-02-28 19:48:15.186529
5023,1792.9009309178937,-2.615204232111652,2020-02-28 19:48:16.187460
5024,1789.551472183577,-2.1172930782683017,2020-02-28 19:48:16.187460
5025,1760.6466787385368,-3.6492701486081103,2020-02-28 19:48:16.187460
5026,1746.1143496300624,-4.470634015432332,2020-02-28 19:48:16.187460
0032,1786.5491646913488,-4.036358286268811,2020-02-28 19:48:16.187460
5023,1796.781129018577,-1.3083379029295137,2020-02-28 19:48:17.188398
5024,1725.8340170096587,-5.085846832215339,2020-02-28 19:48:17.188398
5025,1784.8047862710182,-2.438336302597044,2020-02-28 19:48:17.188398
5026,1732.1997401939964,-1.2640999434647409,2020-02-28 19:48:17.188398
0032,1752.4108997420806,-3.010761670983129,2020-02-28 19:48:17.188398
5023,1738.054951090656,-1.1091491829033693,2020-02-28 19:48:18.189421
5024,1700.3632350888477,-4.792924011906317,2020-02-28 19:48:18.189421
5025,1756.377750664587,-1.2859376050114149,2020-02-28 19:48:18.189421
5026,1721.656428435763,-1.2919264006448854,2020-02-28 19:48:18.189421
0032,1763.5119159629846,-2.6534524582585095,2020-02-28 19:48:18.189421
5023,1759.0738884399866,-3.353645292356025,2020-02-28 19:48:19.190485
5024,1737.487592750691,-5.274594994820385,2020-02-28 19:48:19.190485
5025,1793.9388571289783,-5.143215075561439,2020-02-28 19:48:19.190485
5026,1752.647609993571,-2.4632093665589556,2020-02-28 19:48:19.190485
0032,1719.522632530398,-5.224701383307294,2020-02-28 19:48:19.190485
5023,1787.5148219255307,-4.728090835445132,2020-02-28 19:48:20.190892
5024,1784.5433158126746,-4.050743675462032,2020-02-28 19:48:20.190892
5025,1764.592078653723,-2.1571568795320784,2020-02-28 19:48:20.190892
5026,1775.2412390172074,-4.04053285906702,2020-02-28 19:48:20.190892
0032,1772.0324207383399,-4.8564658350662,2020-02-28 19:48:20.190892
5023,1725.4310093438999,-2.6762954286736553,2020-02-28 19:48:21.191434
5024,1787.6246347087285,-2.9128525525627897,2020-02-28 19:48:21.191434
5025,1792.9669553543306,-4.46271884132112,2020-02-28 19:48:21.191434
5026,1735.1716178145077,-3.3028386628717925,2020-02-28 19:48:21.191434
0032,1724.1822703977682,-1.2543372725557749,2020-02-28 19:48:21.191434
5023,1781.9913023231254,-1.9637666271628467,2020-02-28 19:48:22.191729
5024,1701.3037852335958,-3.9649644452165305,2020-02-28 19:48:22.191729
5025,1745.377617914552,-4.154114754619316,2020-02-28 19:48:22.191729
5026,1736.5605162104848,-1.4383957270819296,2020-02-28 19:48:22.191729
0032,1763.4892385586697,-2.513214440203458,2020-02-28 19:48:22.191729
5023,1754.0792508206723,-4.810301857447069,2020-02-28 19:48:23.191760
5024,1759.6112596528608,-1.2316544264884204,2020-02-28 19:48:23.191760
5025,1712.3175398666194,-3.2346611022545435,2020-02-28 19:48:23.191760
5026,1743.3754647787691,-4.4127620715322085,2020-02-28 19:48:23.191760
0032,1710.3334811825964,-3.0954199092622714,2020-02-28 19:48:23.191760
5023,1748.2540215327965,-4.437363658334443,2020-02-28 19:48:24.192486
5024,1778.379748840299,-4.083303321155416,2020-02-28 19:48:24.192486
5025,1789.421528598172,-3.770797483148553,2020-02-28 19:48:24.192486
5026,1720.7610803863379,-3.8371319174819014,2020-02-28 19:48:24.192486
0032,1796.4577990246169,-3.0018796818020443,2020-02-28 19:48:24.192486
5023,1702.3104101894287,-4.2243587988027045,2020-02-28 19:48:25.193410
5024,1705.0161645479848,-4.586136818472374,2020-02-28 19:48:25.193410
5025,1733.329975912865,-3.2478012377650707,2020-02-28 19:48:25.193410
5026,1794.5893934983824,-2.599635298817426,2020-02-28 19:48:25.193410
0032,1789.851881960535,-4.127706367330817,2020-02-28 19:48:25.193410
5023,1719.6750056902924,-4.1294575281145995,2020-02-28 19:48:26.194187
5024,1709.5949957220014,-2.8442568638420926,2020-02-28 19:48:26.194187
5025,1758.6461848344761,-4.2311093602041625,2020-02-28 19:48:26.194187
5026,1789.7281704320646,-2.5397313314852448,2020-02-28 19:48:26.194187
0032,1772.222629076913,-3.0037951478719256,2020-02-28 19:48:26.194187
5023,1735.0318478682477,-5.012489938933297,2020-02-28 19:48:27.194223
5024,1791.223769806044,-3.4165606117665477,2020-02-28 19:48:27.194223
5025,1715.5542247627775,-4.356504755362213,2020-02-28 19:48:27.194223
5026,1775.4768294201454,-2.554383772291292,2020-02-28 19:48:27.194223
0032,1749.5657793115233,-1.1901262045999212,2020-02-28 19:48:27.194223
5023,1763.767107007194,-1.851524269437482,2020-02-28 19:48:28.194543
5024,1725.5071140290427,-3.4756737234883825,2020-02-28 19:48:28.194543
5025,1773.749626115128,-5.188513108506291,2020-02-28 19:48:28.194543
5026,1753.2963920331279,-4.614780035154611,2020-02-28 19:48:28.194543
0032,1765.6146122107991,-4.67675244666197,2020-02-28 19:48:28.194543
5023,1761.0054873928932,-4.420831612805634,2020-02-28 19:48:29.194729
5024,1797.7278163269568,-2.917389734379602,2020-02-28 19:48:29.194729
5025,1752.8227446926335,-1.7702974266276588,2020-02-28 19:48:29.194729
5026,1784.083288366631,-3.6360006383097776,2020-02-28 19:48:29.194729
0032,1757.5486640361598,-3.2380626594874626,2020-02-28 19:48:29.194729
5023,1767.9827392546772,-3.4839402724110875,2020-02-28 19:48:30.195713
5024,1756.0796387301048,-1.6053145145538572,2020-02-28 19:48:30.195713
5025,1798.2577197384292,-1.290141472386467,2020-02-28 19:48:30.195713
5026,1705.6728315522623,-3.4484723170233833,2020-02-28 19:48:30.195713
0032,1799.5635752762703,-4.508364130970898,2020-02-28 19:48:30.195713
5023,1777.7048877378872,-1.998973866828405,2020-02-28 19:48:31.196355
5024,1717.270798333747,-3.655066262340946,2020-02-28 19:48:31.196355
5025,1797.7249564367612,-1.7495821669075342,2020-02-28 19:48:31.196355
5026,1730.740990980611,-1.6359381268484028,2020-02-28 19:48:31.196355
0032,1789.64806586883,-1.5890625046684743,2020-02-28 19:48:31.197403
5023,1744.004274192481,-4.57991401632014,2020-02-28 19:48:32.197989
5024,1789.167016440187,-1.7668596655451818,2020-02-28 19:48:32.197989
5025,1775.933354422067,-3.1611991587477064,2020-02-28 19:48:32.197989
5026,1724.6518942939333,-1.152448751536511,2020-02-28 19:48:32.197989
0032,1744.0422484436026,-1.3384904592737237,2020-02-28 19:48:32.197989
5023,1774.9915685560657,-3.390962135639483,2020-02-28 19:48:33.198332
5024,1751.774180007627,-4.633394075198631,2020-02-28 19:48:33.198332
5025,1737.3747318278486,-4.149230627819382,2020-02-28 19:48:33.198332
5026,1732.2853876330541,-4.955614377859537,2020-02-28 19:48:33.198332
0032,1704.9804352729511,-3.8408335597190084,2020-02-28 19:48:33.198332
5023,1740.7723026035849,-4.486811349380534,2020-02-28 19:48:34.198419
5024,1777.5430588102913,-3.626462173140025,2020-02-28 19:48:34.198419
5025,1729.5261756739385,-1.6677345280774967,2020-02-28 19:48:34.198419
5026,1772.2101653925279,-2.41360339915118,2020-02-28 19:48:34.198419
0032,1773.0954444576566,-3.48981252426198,2020-02-28 19:48:34.198419
5023,1795.4919055425319,-1.726230245472042,2020-02-28 19:48:35.200264
5024,1738.5555253626833,-3.0665366646668564,2020-02-28 19:48:35.200264
5025,1732.6242878194616,-4.8838301487019695,2020-02-28 19:48:35.200264
5026,1747.6151093203125,-1.5985876846292344,2020-02-28 19:48:35.200264
0032,1749.5053463104243,-1.7596996446446593,2020-02-28 19:48:35.200264
5023,1791.3381202202715,-1.606055047463423,2020-02-28 19:48:36.201184
5024,1766.1368415444165,-3.2838699576153028,2020-02-28 19:48:36.201184
5025,1793.3398133679532,-2.564639014631779,2020-02-28 19:48:36.201184
5026,1752.9674577172682,-3.4256503040638293,2020-02-28 19:48:36.201184
0032,1746.6119501086835,-3.574145667177167,2020-02-28 19:48:36.201184
5023,1748.2839598304406,-3.7652699314291675,2020-02-28 19:48:37.201437
5024,1743.382921040013,-3.519668019231864,2020-02-28 19:48:37.201437
5025,1701.1916945523928,-3.3131847435933097,2020-02-28 19:48:37.201437
5026,1777.8509032080688,-3.62863281556732,2020-02-28 19:48:37.201437
0032,1761.8269820625678,-4.165837414028729,2020-02-28 19:48:37.201437
5023,1714.0463602032573,-1.7794810910614274,2020-02-28 19:48:38.203248
5024,1783.3055814018737,-1.277040934501831,2020-02-28 19:48:38.203248
5025,1756.8680457661417,-3.536029664953154,2020-02-28 19:48:38.203248
5026,1740.6985391551264,-3.8474299872104014,2020-02-28 19:48:38.203248
0032,1768.096756917549,-2.7227363630356334,2020-02-28 19:48:38.203248
5023,1715.625211542249,-2.957440937823668,2020-02-28 19:48:39.203792
5024,1780.1761098692336,-4.547339489519917,2020-02-28 19:48:39.203792
5025,1789.5613027385841,-1.8633990578658728,2020-02-28 19:48:39.203792
5026,1785.332489190917,-1.1646432567488034,2020-02-28 19:48:39.203792
0032,1783.1571898820007,-1.4795991228461176,2020-02-28 19:48:39.203792
5023,1776.3341125816805,-4.617771392974945,2020-02-28 19:48:40.203799
5024,1701.1476653325767,-1.8037314247188139,2020-02-28 19:48:40.203799
5025,1789.5486027323882,-2.564897082792595,2020-02-28 19:48:40.203799
5026,1709.3323797170613,-3.0736245711381174,2020-02-28 19:48:40.203799
0032,1772.2284537429389,-4.638953736148087,2020-02-28 19:48:40.203799
5023,1715.7487143248854,-4.612205365379809,2020-02-28 19:48:41.204012
5024,1754.4886068057187,-5.213683827150811,2020-02-28 19:48:41.204012
5025,1781.8034336524624,-4.24956919767301,2020-02-28 19:48:41.204012
5026,1729.3973802051114,-4.371831061406468,2020-02-28 19:48:41.204012
0032,1719.4817043295245,-3.575430355336634,2020-02-28 19:48:41.204012
5023,1731.1027548625998,-1.4675270632859418,2020-02-28 19:48:42.204413
5024,1744.851544876141,-5.215077048768607,2020-02-28 19:48:42.204413
5025,1711.5107302370525,-3.2136877577583705,2020-02-28 19:48:42.204413
5026,1738.1330783472226,-2.5108728440787176,2020-02-28 19:48:42.204413
0032,1761.4606642925091,-4.491199668741961,2020-02-28 19:48:42.204413
5023,1728.2759694735464,-3.9990067243553105,2020-02-28 19:48:43.204443
5024,1701.4224945613105,-3.6299662615970174,2020-02-28 19:48:43.204443
5025,1731.9260275241745,-2.165624628032329,2020-02-28 19:48:43.204443
5026,1772.8034676101795,-4.4842198765124115,2020-02-28 19:48:43.204443
0032,1732.8533669806786,-4.788338330801821,2020-02-28 19:48:43.204443
5023,1748.2230226030606,-3.2980544833170504,2020-02-28 19:48:44.204899
5024,1722.3687204759717,-2.0118076683454733,2020-02-28 19:48:44.204899
5025,1794.8606744578801,-3.4415511009762296,2020-02-28 19:48:44.204899
5026,1755.8650243760412,-3.660205451590649,2020-02-28 19:48:44.204899
0032,1742.801283285393,-3.371639340523022,2020-02-28 19:48:44.204899
5023,1728.1631746081944,-3.3609834304495516,2020-02-28 19:48:45.204906
5024,1731.6997732101102,-5.018374453006855,2020-02-28 19:48:45.204906
5025,1799.4587101672996,-2.492041637888469,2020-02-28 19:48:45.204906
5026,1795.3864429947494,-3.2839642672790306,2020-02-28 19:48:45.204906
0032,1718.7092775064673,-4.929035085917257,2020-02-28 19:48:45.204906
5023,1713.85118454792,-4.256785777464428,2020-02-28 19:48:46.204930
5024,1776.8768250473317,-2.6518096814309895,2020-02-28 19:48:46.204930
5025,1767.9148161178998,-3.694623592876359,2020-02-28 19:48:46.204930
5026,1759.6583704350803,-2.390045556561988,2020-02-28 19:48:46.204930
0032,1723.0928748347187,-2.8608117372892585,2020-02-28 19:48:46.204930
5023,1704.3205881815338,-1.350094668658537,2020-02-28 19:48:47.205844
5024,1744.6143694695982,-2.106170088728734,2020-02-28 19:48:47.205844
5025,1762.5466567405947,-1.185161092047597,2020-02-28 19:48:47.205844
5026,1743.022247115295,-4.441717530691738,2020-02-28 19:48:47.205844
0032,1739.6227287141662,-4.8646105643286495,2020-02-28 19:48:47.205844
5023,1735.5601881576492,-2.1996006255443703,2020-02-28 19:48:48.205886
5024,1786.4690493647604,-3.5804343778870606,2020-02-28 19:48:48.205886
5025,1727.0632239271688,-3.5928568018982503,2020-02-28 19:48:48.205886
5026,1781.6805175176537,-2.6626189227522694,2020-02-28 19:48:48.205886
0032,1761.2822130622278,-3.8311392990079574,2020-02-28 19:48:48.205886
5023,1705.0738873259404,-4.098135169863154,2020-02-28 19:48:49.207150
5024,1750.6882176232762,-5.2214639508291665,2020-02-28 19:48:49.207150
5025,1756.2886555883026,-3.162645502481104,2020-02-28 19:48:49.207150
5026,1741.9985043242518,-3.1030021302793522,2020-02-28 19:48:49.207150
0032,1770.2452843480842,-2.901715334926001,2020-02-28 19:48:49.207150
5023,1761.8609835607156,-4.165526304076259,2020-02-28 19:48:50.207321
5024,1704.3214600786528,-4.959499726251787,2020-02-28 19:48:50.207321
5025,1701.466169753745,-4.72345145373036,2020-02-28 19:48:50.207321
5026,1710.4427100332637,-2.2267518937930553,2020-02-28 19:48:50.207321
0032,1789.9893697838404,-1.9602588817619369,2020-02-28 19:48:50.207321
5023,1716.2066324568048,-3.5601842904927525,2020-02-28 19:48:51.207919
5024,1713.5672163639813,-1.199821137607608,2020-02-28 19:48:51.207919
5025,1764.9145788307587,-2.4389997137697534,2020-02-28 19:48:51.207919
5026,1727.740138201217,-2.815684852501486,2020-02-28 19:48:51.207919
0032,1767.3770014087702,-2.778128058173046,2020-02-28 19:48:51.207919
5023,1734.970323398857,-3.300259559621628,2020-02-28 19:48:52.208924
5024,1747.3885078530504,-2.870329738558273,2020-02-28 19:48:52.208924
5025,1783.6520658238826,-3.253665907271728,2020-02-28 19:48:52.208924
5026,1723.3918294000678,-2.8508878146092718,2020-02-28 19:48:52.208924
0032,1799.9182819991493,-3.6635082461508732,2020-02-28 19:48:52.208924
5023,1776.3448987182558,-1.5694139382699621,2020-02-28 19:48:53.209886
5024,1756.481343083177,-1.920668993978346,2020-02-28 19:48:53.209886
5025,1780.723569118243,-3.5049739483224522,2020-02-28 19:48:53.209886
5026,1741.3756600357087,-3.53547214883974,2020-02-28 19:48:53.209886
0032,1726.482792220209,-3.732019966845137,2020-02-28 19:48:53.209886
5023,1717.1077661183795,-2.42735449066383,2020-02-28 19:48:54.209920
5024,1786.2769478511282,-3.537600132658133,2020-02-28 19:48:54.209920
5025,1738.4721442781718,-5.171844970227178,2020-02-28 19:48:54.209920
5026,1774.527393725348,-4.964209248394512,2020-02-28 19:48:54.209920
0032,1716.6377497057006,-5.12256552464956,2020-02-28 19:48:54.209920
5023,1713.2671922188526,-1.680885423915358,2020-02-28 19:48:55.210887
5024,1745.30813025079,-2.893081276652657,2020-02-28 19:48:55.210887
5025,1791.0451376583487,-1.8688032109469912,2020-02-28 19:48:55.210887
5026,1758.2401449557656,-3.5504415038715154,2020-02-28 19:48:55.210887
0032,1765.1226513770432,-4.596264238968962,2020-02-28 19:48:55.210887
5023,1744.291059558428,-1.7132809602265917,2020-02-28 19:48:56.211570
5024,1768.0852964329445,-3.026933866983231,2020-02-28 19:48:56.211570
5025,1727.0055636601032,-1.6149385236812908,2020-02-28 19:48:56.211570
5026,1713.599777501916,-5.063214027062809,2020-02-28 19:48:56.211570
0032,1718.0435440330461,-4.840049083519804,2020-02-28 19:48:56.211570
5023,1750.4008132245417,-4.032133957244135,2020-02-28 19:48:57.211897
5024,1782.0714585712974,-4.138574120670695,2020-02-28 19:48:57.211897
5025,1738.1936423970885,-3.1030388007191876,2020-02-28 19:48:57.211897
5026,1780.3638830251384,-4.6663144274811845,2020-02-28 19:48:57.211897
0032,1747.9892807406582,-2.701163825596598,2020-02-28 19:48:57.211897
5023,1739.8566934591552,-4.624702970636333,2020-02-28 19:48:58.212538
5024,1731.0308847820195,-3.0740835933143984,2020-02-28 19:48:58.212538
5025,1762.0371285810638,-4.507142227983172,2020-02-28 19:48:58.212538
5026,1773.2987427487892,-1.5401176057162855,2020-02-28 19:48:58.212538
0032,1798.6704989589832,-4.933608181992358,2020-02-28 19:48:58.212538
5023,1777.8181679131148,-4.4170789457005295,2020-02-28 19:48:59.213255
5024,1799.7647223103795,-1.6046200065226666,2020-02-28 19:48:59.213255
5025,1742.5722082827576,-3.7017503477879448,2020-02-28 19:48:59.213255
5026,1738.011547171372,-2.428035968374253,2020-02-28 19:48:59.213255
0032,1793.0895292877103,-2.9246694117164327,2020-02-28 19:48:59.213255
5023,1757.0644082486497,-2.072743449119835,2020-02-28 19:49:00.214002
5024,1716.597714136328,-3.26383058841634,2020-02-28 19:49:00.214002
5025,1702.8084193292923,-4.758968258710373,2020-02-28 19:49:00.214002
5026,1738.7274616988886,-4.075703215474954,2020-02-28 19:49:00.214002
0032,1716.3181767576175,-4.482331659318682,2020-02-28 19:49:00.214002
5023,1763.4404008335914,-2.025009552469757,2020-02-28 19:49:01.214408
5024,1772.890787378302,-2.1461213596865916,2020-02-28 19:49:01.214408
5025,1788.385453755527,-2.1012650262794614,2020-02-28 19:49:01.214408
5026,1721.5431735484128,-2.710493542179938,2020-02-28 19:49:01.214408
0032,1736.761877842593,-3.701547710511616,2020-02-28 19:49:01.214408
5023,1788.1679947695777,-4.164033834167496,2020-02-28 19:49:02.214937
5024,1721.807701062001,-3.01649626320943,2020-02-28 19:49:02.214937
5025,1781.9322795469852,-1.4216172432676868,2020-02-28 19:49:02.214937
5026,1734.1653102286903,-1.2362034245914177,2020-02-28 19:49:02.214937
0032,1769.0568547730834,-3.2558227433128164,2020-02-28 19:49:02.214937
5023,1739.817264753072,-1.3995720868094232,2020-02-28 19:49:03.214953
5024,1740.2250894085296,-1.6780591888707121,2020-02-28 19:49:03.214953
5025,1709.8281036365745,-4.921725681916908,2020-02-28 19:49:03.214953
5026,1704.7797247107962,-3.969423356667753,2020-02-28 19:49:03.214953
0032,1732.6749525548198,-3.7558542865155635,2020-02-28 19:49:03.214953
5023,1772.6930917571417,-1.6142990486012434,2020-02-28 19:49:04.215727
5024,1704.540714367788,-1.1380620838695785,2020-02-28 19:49:04.215727
5025,1721.644457418767,-3.349325100172848,2020-02-28 19:49:04.215727
5026,1743.4219863879187,-1.6482076591278507,2020-02-28 19:49:04.215727
0032,1727.7243590290018,-4.060150917568751,2020-02-28 19:49:04.215727
5023,1765.7879111409175,-1.8491517515707705,2020-02-28 19:49:05.221057
5024,1719.0326318995842,-4.742467446488732,2020-02-28 19:49:05.221057
5025,1795.5370904090466,-2.155854166543301,2020-02-28 19:49:05.221057
5026,1716.9073510471474,-4.455133666881358,2020-02-28 19:49:05.221057
0032,1770.2666334861942,-1.2386966409962428,2020-02-28 19:49:05.221057
5023,1779.5467763519773,-4.907514372270044,2020-02-28 19:49:06.221420
5024,1754.7504963941115,-5.1168340795295375,2020-02-28 19:49:06.221420
5025,1763.6061662132026,-4.587184297538928,2020-02-28 19:49:06.221420
5026,1768.1663427984793,-3.0861492532742054,2020-02-28 19:49:06.221420
0032,1781.8941581277054,-5.1389947007242425,2020-02-28 19:49:06.221420
5023,1724.4570014134313,-2.8158718168380408,2020-02-28 19:49:07.255271
5024,1776.6650925351987,-2.190171334558197,2020-02-28 19:49:07.255271
5025,1757.956867821636,-3.6896997102810705,2020-02-28 19:49:07.255271
5026,1736.7764352532852,-2.035614387894409,2020-02-28 19:49:07.255271
0032,1702.1580663260775,-3.3255393562765443,2020-02-28 19:49:07.255271
5023,1706.221533610871,-3.708564395248436,2020-02-28 19:49:08.255623
5024,1761.906999526647,-1.2827350330255047,2020-02-28 19:49:08.255623
5025,1791.454551284552,-3.2895732611952218,2020-02-28 19:49:08.255623
5026,1788.210545748561,-3.0027871880287353,2020-02-28 19:49:08.255623
0032,1731.093674063267,-5.154271980865285,2020-02-28 19:49:08.255623
5023,1797.8241039314603,-2.3294909074103733,2020-02-28 19:49:09.256891
5024,1737.78635930208,-5.289322089743582,2020-02-28 19:49:09.256891
5025,1772.300831826039,-3.1391302047010434,2020-02-28 19:49:09.256891
5026,1707.8414983594998,-5.273924438219766,2020-02-28 19:49:09.256891
0032,1713.8441459122741,-4.164508063960221,2020-02-28 19:49:09.256891
5023,1766.4074133795793,-5.167603291126198,2020-02-28 19:49:10.256926
5024,1731.8806251130343,-4.396818953061591,2020-02-28 19:49:10.256926
5025,1710.347237619731,-2.254096951599506,2020-02-28 19:49:10.256926
5026,1772.2197536063368,-3.521574393575115,2020-02-28 19:49:10.256926
0032,1761.3857802109671,-2.8126733401032715,2020-02-28 19:49:10.256926
5023,1783.8036427116513,-3.6051944687764883,2020-02-28 19:49:11.257863
5024,1773.4278245597648,-5.132270156085506,2020-02-28 19:49:11.257863
5025,1722.669418530632,-1.36057197047389,2020-02-28 19:49:11.257863
5026,1798.2702487051756,-2.1918572242374106,2020-02-28 19:49:11.257863
0032,1767.2095938339212,-4.750321508902892,2020-02-28 19:49:11.257863
5023,1736.3129256843488,-1.164571105132521,2020-02-28 19:49:12.257892
5024,1704.6699651915937,-1.7769357479759837,2020-02-28 19:49:12.257892
5025,1796.2114276242962,-4.047648671730938,2020-02-28 19:49:12.257892
5026,1767.6174713044195,-4.770393747883908,2020-02-28 19:49:12.257892
0032,1733.8509865125288,-3.7073281460656817,2020-02-28 19:49:12.257892
5023,1796.3891105022174,-3.4383206073081674,2020-02-28 19:49:13.257941
5024,1737.3185245293023,-3.672143474390132,2020-02-28 19:49:13.257941
5025,1795.8522993111055,-5.0502403307252015,2020-02-28 19:49:13.257941
5026,1764.9905187247032,-4.190573725230898,2020-02-28 19:49:13.257941
0032,1752.943097833014,-2.573317102099868,2020-02-28 19:49:13.257941
5023,1710.2029565084358,-2.638914681962931,2020-02-28 19:49:14.257973
5024,1700.4221370657178,-4.665186904220082,2020-02-28 19:49:14.257973
5025,1765.960049245343,-3.249343682357961,2020-02-28 19:49:14.257973
5026,1712.1076746981478,-1.2994092554475243,2020-02-28 19:49:14.257973
0032,1716.531946226621,-2.7187391747947802,2020-02-28 19:49:14.257973
5023,1713.0528103989961,-4.35018537859773,2020-02-28 19:49:15.279178
5024,1713.4469124552675,-1.3703148770908444,2020-02-28 19:49:15.279178
5025,1765.920308924003,-1.4796410009376912,2020-02-28 19:49:15.279178
5026,1702.040428064547,-1.9995357049640075,2020-02-28 19:49:15.279178
0032,1761.4486078881375,-1.335626952337491,2020-02-28 19:49:15.279178
5023,1768.6313277311447,-3.9575557698689385,2020-02-28 19:49:16.279866
5024,1763.1805131125125,-3.9429959205211413,2020-02-28 19:49:16.279866
5025,1730.7885296068273,-4.513003251747291,2020-02-28 19:49:16.279866
5026,1781.8535181466384,-3.5810485284786315,2020-02-28 19:49:16.279866
0032,1717.3446907787352,-1.3460870773062923,2020-02-28 19:49:16.279866
5023,1788.8416146162372,-1.1593135351235198,2020-02-28 19:49:17.280088
5024,1783.4141028365887,-3.9214384400278792,2020-02-28 19:49:17.280088
5025,1735.701117674621,-5.170803874393955,2020-02-28 19:49:17.280088
5026,1770.167181452075,-3.016427688123344,2020-02-28 19:49:17.281093
0032,1711.580513721336,-1.9014967907872844,2020-02-28 19:49:17.281093
5023,1707.230423364159,-1.6539416844556571,2020-02-28 19:49:18.281120
5024,1790.0197720323667,-4.914382366681446,2020-02-28 19:49:18.281120
5025,1721.8821776561265,-1.3555988299953197,2020-02-28 19:49:18.281120
5026,1798.2744076905592,-4.029079974884056,2020-02-28 19:49:18.281120
0032,1786.042508011317,-4.038540375646281,2020-02-28 19:49:18.281120
5023,1745.0623003433857,-3.5855005431682105,2020-02-28 19:49:19.281354
5024,1719.1685080381,-1.2023050395270838,2020-02-28 19:49:19.281354
5025,1714.815003223789,-4.793762757532786,2020-02-28 19:49:19.281354
5026,1721.6637464433013,-1.9587864982493555,2020-02-28 19:49:19.281354
0032,1708.1889193953211,-3.0876477832154388,2020-02-28 19:49:19.281354
5023,1733.694104932065,-2.405361672033406,2020-02-28 19:49:20.281811
5024,1759.946746044132,-5.181628881737779,2020-02-28 19:49:20.281811
5025,1765.1473592341836,-4.257212268412246,2020-02-28 19:49:20.281811
5026,1778.5945856740552,-1.9004028697434263,2020-02-28 19:49:20.281811
0032,1748.3912427486612,-2.3935649103489967,2020-02-28 19:49:20.281811
5023,1786.8120817685026,-4.458127189070612,2020-02-28 19:49:21.282275
5024,1736.35992248845,-1.5608319003734077,2020-02-28 19:49:21.282275
5025,1786.9087149992883,-4.8230035732196335,2020-02-28 19:49:21.282275
5026,1774.1912953916756,-5.199356925451436,2020-02-28 19:49:21.282275
0032,1745.1811462495725,-4.961539844382823,2020-02-28 19:49:21.282275
5023,1780.7058889224036,-2.6068813168041465,2020-02-28 19:49:22.283793
5024,1754.1909823251062,-3.137483859184282,2020-02-28 19:49:22.283793
5025,1700.6891873622053,-1.9676969281784285,2020-02-28 19:49:22.283793
5026,1705.0438952412474,-1.151605355163328,2020-02-28 19:49:22.283793
0032,1731.863228293606,-3.4999036420747416,2020-02-28 19:49:22.283793
5023,1751.0685336058466,-2.282697268669206,2020-02-28 19:49:23.284482
5024,1708.8933364809664,-3.2023484571936427,2020-02-28 19:49:23.284482
5025,1746.815842448067,-4.890786707963168,2020-02-28 19:49:23.284482
5026,1755.6786562756836,-4.036568766644381,2020-02-28 19:49:23.284482
0032,1762.568804681767,-3.331641591000399,2020-02-28 19:49:23.284482
5023,1751.1923493929755,-2.039304027628557,2020-02-28 19:49:24.284511
5024,1777.2632713259804,-2.88316005454633,2020-02-28 19:49:24.284511
5025,1757.6779193353798,-4.113583447510345,2020-02-28 19:49:24.284511
5026,1728.3267736727078,-5.063042598811886,2020-02-28 19:49:24.284511
0032,1733.7847904707662,-4.571763334783753,2020-02-28 19:49:24.284511
5023,1783.2205954649344,-4.651267349038645,2020-02-28 19:49:25.285329
5024,1756.8078418025007,-1.3846688085162273,2020-02-28 19:49:25.285329
5025,1752.1646329199152,-5.094755813802946,2020-02-28 19:49:25.285329
5026,1717.8745633691683,-2.7667600719382177,2020-02-28 19:49:25.285329
0032,1736.3962194947585,-1.3451248359397492,2020-02-28 19:49:25.285329
5023,1740.049554474812,-2.1865509004616426,2020-02-28 19:49:26.286568
5024,1748.5407062242061,-3.5757255391959992,2020-02-28 19:49:26.286568
5025,1784.45538237302,-4.876926608465186,2020-02-28 19:49:26.286568
5026,1713.3077513850055,-1.8604489010226737,2020-02-28 19:49:26.286568
0032,1778.7627299165817,-4.471149210869569,2020-02-28 19:49:26.286568
5023,1736.676714807791,-4.828757590465336,2020-02-28 19:49:27.286659
5024,1796.0305771483204,-3.0219275404599744,2020-02-28 19:49:27.286659
5025,1799.5623871657758,-3.431255770258364,2020-02-28 19:49:27.286659
5026,1743.057659642764,-3.1484524997655976,2020-02-28 19:49:27.286659
0032,1798.255929086789,-4.060202929749979,2020-02-28 19:49:27.286659
5023,1751.6467037499792,-1.2928101172444002,2020-02-28 19:49:28.287021
5024,1757.6540586386025,-1.9309616942834054,2020-02-28 19:49:28.287021
5025,1715.7057685733357,-2.2007049460069807,2020-02-28 19:49:28.287021
5026,1769.0434113605663,-3.852654024098011,2020-02-28 19:49:28.287021
0032,1740.9903879832661,-4.375321196120062,2020-02-28 19:49:28.287021
5023,1799.6603282921874,-1.7338447845096816,2020-02-28 19:49:29.287099
5024,1777.1656916768543,-3.14972673945346,2020-02-28 19:49:29.287099
5025,1724.8952197984283,-2.4299976301363895,2020-02-28 19:49:29.287099
5026,1733.2499661851084,-4.926506400024641,2020-02-28 19:49:29.287099
0032,1712.7477428975956,-3.92816881467039,2020-02-28 19:49:29.287099
5023,1745.943151235671,-3.381892225544151,2020-02-28 19:49:30.287990
5024,1768.4143711529669,-3.4474886221419156,2020-02-28 19:49:30.287990
5025,1739.9661693343055,-1.2647748424061955,2020-02-28 19:49:30.287990
5026,1733.3925440040196,-5.229164338118154,2020-02-28 19:49:30.287990
0032,1784.8401997104652,-4.104959311353959,2020-02-28 19:49:30.287990
5023,1708.3778674460034,-3.9314244871772654,2020-02-28 19:49:31.288066
5024,1791.4129722327866,-1.2125853067811718,2020-02-28 19:49:31.288066
5025,1759.745893367981,-5.0624156982616135,2020-02-28 19:49:31.288066
5026,1738.804670201123,-1.4479864093708672,2020-02-28 19:49:31.288066
0032,1732.6818659237015,-1.3343624735411272,2020-02-28 19:49:31.288066
5023,1710.1738950161657,-4.675358291008736,2020-02-28 19:49:32.288155
5024,1752.378734369871,-3.9016164092143475,2020-02-28 19:49:32.288155
5025,1724.6637753928642,-4.962997898087954,2020-02-28 19:49:32.288155
5026,1706.1638969592505,-1.8336403573762947,2020-02-28 19:49:32.288155
0032,1781.6808975792237,-3.1864060755075156,2020-02-28 19:49:32.288155
5023,1796.4310377352347,-1.6369304116945393,2020-02-28 19:49:33.288967
5024,1736.210881415494,-1.515934530824551,2020-02-28 19:49:33.288967
5025,1724.2071064202794,-1.1620722314198426,2020-02-28 19:49:33.288967
5026,1718.486907955986,-3.7941405599151965,2020-02-28 19:49:33.288967
0032,1779.919250506613,-1.222386892359447,2020-02-28 19:49:33.288967
5023,1761.0715661752379,-2.8601646458348577,2020-02-28 19:49:34.289220
5024,1702.8697630594952,-2.6965258253526785,2020-02-28 19:49:34.289220
5025,1701.8152851242849,-3.086144817318913,2020-02-28 19:49:34.289220
5026,1741.8805866183338,-4.588781570111555,2020-02-28 19:49:34.289220
0032,1729.8895218720272,-4.518766857412305,2020-02-28 19:49:34.289220
5023,1796.363267288792,-4.671218865394813,2020-02-28 19:49:35.290888
5024,1771.1996203500514,-4.305772380869275,2020-02-28 19:49:35.290888
5025,1794.6986883338805,-2.3360057570774653,2020-02-28 19:49:35.290888
5026,1791.3212500449745,-2.6714617970080576,2020-02-28 19:49:35.290888
0032,1706.0934128810873,-2.4162949491869314,2020-02-28 19:49:35.290888
5023,1710.2682801350777,-2.667669747149784,2020-02-28 19:49:36.290925
5024,1765.7999991617207,-4.070670914915912,2020-02-28 19:49:36.290925
5025,1784.6490175457798,-3.068104796579044,2020-02-28 19:49:36.290925
5026,1739.9524386663986,-3.914719781816138,2020-02-28 19:49:36.290925
0032,1754.4703257709623,-1.4447635079739984,2020-02-28 19:49:36.290925
5023,1777.5715841212211,-3.8549208016766308,2020-02-28 19:49:37.291462
5024,1737.7216964272898,-3.1167384063726367,2020-02-28 19:49:37.291462
5025,1760.8421824737807,-4.292298064083161,2020-02-28 19:49:37.291462
5026,1700.9166679845657,-4.204626952354632,2020-02-28 19:49:37.291462
0032,1776.4584764305773,-4.838010322691941,2020-02-28 19:49:37.291462
5023,1761.507779781218,-1.3879749542156588,2020-02-28 19:49:38.291951
5024,1713.5457635039284,-3.2425641597898927,2020-02-28 19:49:38.291951
5025,1731.4238357053628,-1.252153204495431,2020-02-28 19:49:38.291951
5026,1794.5020106589006,-2.887054215594048,2020-02-28 19:49:38.291951
0032,1772.0835250044183,-1.7111883927862213,2020-02-28 19:49:38.291951
5023,1736.8505947481099,-1.798553539704017,2020-02-28 19:49:39.292056
5024,1770.558637913181,-1.4464884291141051,2020-02-28 19:49:39.292056
5025,1713.6062464163604,-2.731194395561364,2020-02-28 19:49:39.292056
5026,1789.1417214208107,-1.127912385103218,2020-02-28 19:49:39.292056
0032,1748.4976311649111,-5.008310678188998,2020-02-28 19:49:39.292056
5023,1744.6072924002049,-3.6313180561749325,2020-02-28 19:49:40.293682
5024,1762.2070836265532,-4.368248967373306,2020-02-28 19:49:40.293682
5025,1736.3795576838368,-2.720445445382895,2020-02-28 19:49:40.293682
5026,1767.9784866054797,-4.849954993763926,2020-02-28 19:49:40.293682
0032,1757.3627185406526,-4.936206814072146,2020-02-28 19:49:40.293682
5023,1762.2980438585419,-2.357850775272224,2020-02-28 19:49:41.294085
5024,1773.6892491072529,-4.128313314434503,2020-02-28 19:49:41.294085
5025,1775.053497075904,-1.9195867138664626,2020-02-28 19:49:41.294085
5026,1735.8239154706107,-4.195604126061346,2020-02-28 19:49:41.294085
0032,1701.106091222556,-3.1515671533141267,2020-02-28 19:49:41.294085
5023,1706.9272888910352,-2.9582909871951153,2020-02-28 19:49:42.294994
5024,1776.4728298781035,-3.623169531067525,2020-02-28 19:49:42.294994
5025,1729.7830879112385,-2.0898433346574454,2020-02-28 19:49:42.294994
5026,1709.929519329347,-1.7178310517744615,2020-02-28 19:49:42.294994
0032,1742.346103884074,-2.548906156736343,2020-02-28 19:49:42.294994
5023,1788.8420173731934,-3.229859909025245,2020-02-28 19:49:43.295929
5024,1722.3744836352228,-1.6298979230169603,2020-02-28 19:49:43.295929
5025,1755.5397287416574,-2.1245762131865,2020-02-28 19:49:43.295929
5026,1759.8509158881257,-3.875567903864379,2020-02-28 19:49:43.295929
0032,1724.6923966206073,-3.130020276734821,2020-02-28 19:49:43.295929
5023,1798.8596111739523,-4.279333914491831,2020-02-28 19:49:44.296723
5024,1760.6523525728383,-1.5683868208951188,2020-02-28 19:49:44.296723
5025,1727.218514749893,-3.3552598019622604,2020-02-28 19:49:44.296723
5026,1792.0120990332798,-1.7763320661610824,2020-02-28 19:49:44.296723
0032,1708.993040081766,-2.7685259828641464,2020-02-28 19:49:44.296723
5023,1764.334626243544,-4.022898024518584,2020-02-28 19:49:45.296926
5024,1703.5086419895438,-2.0841115508559267,2020-02-28 19:49:45.296926
5025,1774.1303596674084,-2.4000086176759337,2020-02-28 19:49:45.296926
5026,1761.7688459375433,-1.6225479362337651,2020-02-28 19:49:45.296926
0032,1777.233750739297,-5.099297409401954,2020-02-28 19:49:45.296926
5023,1718.7994890352963,-1.9818534751689154,2020-02-28 19:49:46.297170
5024,1748.6910180530422,-1.689494842908164,2020-02-28 19:49:46.297170
5025,1730.5280177334291,-2.626111691507459,2020-02-28 19:49:46.297170
5026,1718.7063811821104,-3.3187792655824557,2020-02-28 19:49:46.297170
0032,1737.256639407851,-2.3669495996544403,2020-02-28 19:49:46.297170
5023,1707.1267674777048,-4.671323826542954,2020-02-28 19:49:47.297998
5024,1711.8809431635486,-1.738447787628512,2020-02-28 19:49:47.297998
5025,1791.8737952458355,-2.9845407838157905,2020-02-28 19:49:47.297998
5026,1716.3574914427084,-2.2539437442312478,2020-02-28 19:49:47.297998
0032,1761.096210508989,-2.2356508603738976,2020-02-28 19:49:47.297998
5023,1733.6536572437585,-4.7582343433905265,2020-02-28 19:49:48.298024
5024,1770.13430014546,-3.866052943647233,2020-02-28 19:49:48.298024
5025,1728.2196781950638,-2.3594287189416048,2020-02-28 19:49:48.298024
5026,1731.4535525805193,-2.304213074133693,2020-02-28 19:49:48.298024
0032,1797.670734310672,-1.3082237040030718,2020-02-28 19:49:48.298024
5023,1705.0271466523438,-3.168028437562179,2020-02-28 19:49:49.298171
5024,1751.3648433908363,-5.163081081771702,2020-02-28 19:49:49.298171
5025,1724.6480155580157,-2.0251032048629267,2020-02-28 19:49:49.298171
5026,1765.9415169547926,-4.571299023462598,2020-02-28 19:49:49.298171
0032,1779.3277160716507,-5.147908081049535,2020-02-28 19:49:49.298171
5023,1737.2306886667661,-4.270288198437181,2020-02-28 19:49:50.298643
5024,1759.9049061896917,-1.787796544812975,2020-02-28 19:49:50.298643
5025,1743.5038803264179,-3.5303131250459456,2020-02-28 19:49:50.298643
5026,1740.3144151889908,-3.656485523577413,2020-02-28 19:49:50.298643
0032,1735.1900310056453,-4.536573754991134,2020-02-28 19:49:50.298643
5023,1755.0609751969066,-4.195555914661073,2020-02-28 19:49:51.298684
5024,1765.6942254433804,-2.15713165673358,2020-02-28 19:49:51.298684
5025,1788.9543961413451,-4.468637956772423,2020-02-28 19:49:51.298684
5026,1768.8812706699155,-1.5100981849840678,2020-02-28 19:49:51.298684
0032,1711.1800673765078,-3.3853124725909716,2020-02-28 19:49:51.298684
5023,1769.118589272212,-2.073632499178954,2020-02-28 19:49:52.299178
5024,1733.2902053459043,-1.7851268899567412,2020-02-28 19:49:52.299178
5025,1787.2847946955187,-1.7859668057581546,2020-02-28 19:49:52.299178
5026,1703.293855038531,-1.4223510849288745,2020-02-28 19:49:52.299178
0032,1727.5992694952715,-2.302239785669558,2020-02-28 19:49:52.300181
5023,1708.606849966566,-1.8463065077484,2020-02-28 19:49:53.300443
5024,1736.0971250750267,-3.992116140054601,2020-02-28 19:49:53.300443
5025,1755.7550162576363,-1.6568445823266535,2020-02-28 19:49:53.300443
5026,1763.4060512333217,-2.2578775801008586,2020-02-28 19:49:53.300443
0032,1707.2390992150754,-2.0740979136645783,2020-02-28 19:49:53.300443
5023,1700.4627708980638,-1.417628074434428,2020-02-28 19:49:54.301137
5024,1776.7906174099462,-5.177072230109331,2020-02-28 19:49:54.301137
5025,1777.216548317747,-1.7775703419869924,2020-02-28 19:49:54.301137
5026,1708.4423733155324,-2.7015910776863943,2020-02-28 19:49:54.301137
0032,1774.6559078897233,-1.2179406042070537,2020-02-28 19:49:54.301137
5023,1785.5032486565058,-4.009524760296216,2020-02-28 19:49:55.301927
5024,1769.697036634873,-3.825755469044367,2020-02-28 19:49:55.301927
5025,1752.589134252973,-5.123492776295693,2020-02-28 19:49:55.301927
5026,1789.1731690889856,-4.329187654891388,2020-02-28 19:49:55.301927
0032,1793.1797743029447,-4.919531290872716,2020-02-28 19:49:55.301927
5023,1718.5682197079364,-4.559525694119361,2020-02-28 19:49:56.327356
5024,1749.7298620573772,-4.406407332461184,2020-02-28 19:49:56.327356
5025,1724.2397233163058,-3.929261671940118,2020-02-28 19:49:56.327356
5026,1767.2108122864643,-2.911372502824908,2020-02-28 19:49:56.327356
0032,1705.1632111895176,-2.335546059736882,2020-02-28 19:49:56.327356
5023,1724.5802521629732,-2.1437415515009834,2020-02-28 19:49:57.327408
5024,1705.3556581420212,-1.456451020050912,2020-02-28 19:49:57.327408
5025,1751.9747801401297,-4.356304267226075,2020-02-28 19:49:57.327408
5026,1733.9149528254188,-1.8447710487973445,2020-02-28 19:49:57.327408
0032,1787.2058186293805,-3.6661308677056765,2020-02-28 19:49:57.327408
5023,1714.6878895466511,-2.3911634225575367,2020-02-28 19:49:58.327568
5024,1708.3427661373175,-3.3119005633217564,2020-02-28 19:49:58.327568
5025,1761.0367747681007,-1.273913847802131,2020-02-28 19:49:58.327568
5026,1719.792836068227,-1.231246787256306,2020-02-28 19:49:58.327568
0032,1717.119966284413,-4.776103897487466,2020-02-28 19:49:58.327568
5023,1709.9860032965337,-4.949835725955863,2020-02-28 19:49:59.327970
5024,1727.98764812221,-3.294565247959855,2020-02-28 19:49:59.327970
5025,1743.3399490864288,-5.127459231511529,2020-02-28 19:49:59.327970
5026,1700.593850926674,-1.7129666674011461,2020-02-28 19:49:59.327970
0032,1717.9499490416463,-5.216543995356556,2020-02-28 19:49:59.327970
5023,1737.5473844107714,-4.62954211300765,2020-02-28 19:50:00.328242
5024,1791.067663005476,-2.2093661918262826,2020-02-28 19:50:00.328242
5025,1777.0527150685293,-4.689649682834042,2020-02-28 19:50:00.328242
5026,1728.5418816035926,-1.21560998323472,2020-02-28 19:50:00.328242
0032,1778.0695019848695,-2.084465221884447,2020-02-28 19:50:00.328242
5023,1724.7237337916745,-2.330918189348607,2020-02-28 19:50:01.328946
5024,1772.4970359906029,-1.963148457821915,2020-02-28 19:50:01.328946
5025,1771.6136035435275,-4.91917744468625,2020-02-28 19:50:01.328946
5026,1741.935425772498,-5.214831061194947,2020-02-28 19:50:01.328946
0032,1706.2465414481762,-1.8313668060735848,2020-02-28 19:50:01.328946
5023,1732.7348933710407,-3.530900958408128,2020-02-28 19:50:02.329269
5024,1757.201187740021,-2.9613949829054187,2020-02-28 19:50:02.329269
5025,1799.1382112160015,-4.253292151418257,2020-02-28 19:50:02.329269
5026,1779.6195182697206,-4.209091440665124,2020-02-28 19:50:02.329269
0032,1770.64684553085,-4.171371017819451,2020-02-28 19:50:02.329269
5023,1715.7999154265888,-3.6456204386215196,2020-02-28 19:50:03.329738
5024,1711.87801685031,-3.2689414886383723,2020-02-28 19:50:03.329738
5025,1734.5784416032723,-3.154295352064509,2020-02-28 19:50:03.329738
5026,1741.53016375918,-2.898714867287726,2020-02-28 19:50:03.329738
0032,1732.2723923441245,-3.837752180049596,2020-02-28 19:50:03.329738
5023,1729.5002772979185,-2.80772760571962,2020-02-28 19:50:04.331999
5024,1716.3007856796632,-4.72246426161229,2020-02-28 19:50:04.331999
5025,1776.8630348418496,-3.345207609893765,2020-02-28 19:50:04.331999
5026,1772.438982278802,-3.650736597316504,2020-02-28 19:50:04.331999
0032,1750.739637688992,-3.5280935559780255,2020-02-28 19:50:04.331999
5023,1704.5457625611486,-4.228234132530099,2020-02-28 19:50:05.333175
5024,1782.1273254558998,-3.4553451140092637,2020-02-28 19:50:05.333175
5025,1714.3896905315512,-4.342371357326876,2020-02-28 19:50:05.333175
5026,1758.706044624847,-4.683394706425411,2020-02-28 19:50:05.333175
0032,1765.494837572934,-2.085835949620913,2020-02-28 19:50:05.333175
5023,1748.1124904137414,-4.610113688924164,2020-02-28 19:50:06.333685
5024,1715.5384200914752,-4.538989664691986,2020-02-28 19:50:06.333685
5025,1770.0998358780248,-4.598369413249584,2020-02-28 19:50:06.333685
5026,1737.4177310124473,-2.5591643795745727,2020-02-28 19:50:06.334664
0032,1719.6580645506576,-1.9909352883889238,2020-02-28 19:50:06.334664
5023,1749.9920996243816,-2.868792204241721,2020-02-28 19:50:07.335267
5024,1785.8135872495059,-4.667303358242849,2020-02-28 19:50:07.335267
5025,1744.8236526528945,-2.094239883253334,2020-02-28 19:50:07.335267
5026,1773.4855149041887,-4.2790112969800145,2020-02-28 19:50:07.335267
0032,1721.1252182898377,-1.5915475163295092,2020-02-28 19:50:07.335267
5023,1766.644390737816,-1.590873074016736,2020-02-28 19:50:08.336111
5024,1728.9769906099589,-1.423340567868964,2020-02-28 19:50:08.336111
5025,1769.177581297354,-1.5230604521297657,2020-02-28 19:50:08.336111
5026,1747.7196394371842,-1.4550683879199156,2020-02-28 19:50:08.336111
0032,1708.6962439768852,-4.648584927035719,2020-02-28 19:50:08.336111
5023,1700.3802183700639,-2.1687759504424853,2020-02-28 19:50:09.336143
5024,1734.8763231677244,-2.2694729206052053,2020-02-28 19:50:09.336143
5025,1756.1826919127739,-2.6460785295991163,2020-02-28 19:50:09.336143
5026,1744.3632712058038,-3.5705586046011346,2020-02-28 19:50:09.336143
0032,1712.3123663442127,-2.7914987301827683,2020-02-28 19:50:09.336143
5023,1772.577805159162,-1.4502504177547868,2020-02-28 19:50:10.337131
5024,1735.8899191598261,-3.893175802472469,2020-02-28 19:50:10.337131
5025,1792.1565421388957,-5.251393468624105,2020-02-28 19:50:10.337131
5026,1794.905215757755,-3.328962902108745,2020-02-28 19:50:10.337131
0032,1768.10960073265,-4.457057375950064,2020-02-28 19:50:10.337131
5023,1768.2298470254614,-1.9207999884393399,2020-02-28 19:50:11.337166
5024,1747.8417014285378,-5.262637222577289,2020-02-28 19:50:11.337166
5025,1756.3790244472996,-2.8704950785166448,2020-02-28 19:50:11.337166
5026,1793.8839143908262,-2.8714311240711154,2020-02-28 19:50:11.337166
0032,1774.14731021941,-4.019960387038192,2020-02-28 19:50:11.337166
5023,1788.9507161076936,-2.14724331801138,2020-02-28 19:50:12.337614
5024,1716.4056915061153,-2.2253817223618646,2020-02-28 19:50:12.337614
5025,1791.6814615181115,-5.273731800390397,2020-02-28 19:50:12.337614
5026,1769.574429187076,-1.3262715521327055,2020-02-28 19:50:12.337614
0032,1714.0756004489695,-1.1094469409288843,2020-02-28 19:50:12.337614
5023,1702.9814971114304,-1.6760229822476984,2020-02-28 19:50:13.337619
5024,1773.437043725112,-3.081345848300299,2020-02-28 19:50:13.337619
5025,1790.960436909497,-1.869818914417746,2020-02-28 19:50:13.337619
5026,1779.7937649632634,-2.3200537572371913,2020-02-28 19:50:13.337619
0032,1700.4344501134299,-5.138384092359721,2020-02-28 19:50:13.337619
5023,1711.0066927999346,-1.4669207817577288,2020-02-28 19:50:14.337684
5024,1719.6537781409622,-4.3799445656258715,2020-02-28 19:50:14.337684
5025,1769.9740313999355,-3.9378598167399472,2020-02-28 19:50:14.337684
5026,1785.6044346233875,-5.169892324928244,2020-02-28 19:50:14.337684
0032,1795.637373646183,-2.549023633803939,2020-02-28 19:50:14.337684
5023,1772.6538940126868,-1.1723196433120044,2020-02-28 19:50:15.338381
5024,1737.4789332487426,-2.1747461642742234,2020-02-28 19:50:15.338381
5025,1773.4691772670967,-4.5694803688200585,2020-02-28 19:50:15.338381
5026,1798.2340771026682,-5.046509660289726,2020-02-28 19:50:15.338381
0032,1794.749830869409,-3.4512231553251485,2020-02-28 19:50:15.338381
5023,1796.6670626966763,-3.866087739175429,2020-02-28 19:50:16.338766
5024,1789.343863224413,-3.957659411721767,2020-02-28 19:50:16.338766
5025,1774.0851192065647,-5.212002286789625,2020-02-28 19:50:16.338766
5026,1789.3656235163585,-3.689456593705277,2020-02-28 19:50:16.338766
0032,1791.7063195727644,-1.6868628832882,2020-02-28 19:50:16.338766
5023,1724.9286214760994,-4.345552798620217,2020-02-28 19:50:17.339710
5024,1757.4649400480994,-1.7281314230262055,2020-02-28 19:50:17.339710
5025,1776.7864526377216,-3.555900071068192,2020-02-28 19:50:17.339710
5026,1797.2298242428922,-2.7968250165081328,2020-02-28 19:50:17.339710
0032,1752.410585007116,-2.186705090732156,2020-02-28 19:50:17.339710
5023,1754.9898702021721,-3.7004599308943416,2020-02-28 19:50:18.339918
5024,1772.027312188756,-3.950334522168273,2020-02-28 19:50:18.339918
5025,1793.3549987411627,-1.8715097815872745,2020-02-28 19:50:18.339918
5026,1779.3725836670494,-3.955583543238153,2020-02-28 19:50:18.339918
0032,1739.068297729997,-4.065961133630966,2020-02-28 19:50:18.339918
5023,1796.9768739519634,-4.7849339069235945,2020-02-28 19:50:19.340841
5024,1710.031489785165,-3.5151445238044534,2020-02-28 19:50:19.340841
5025,1781.7125569589846,-4.868784885690401,2020-02-28 19:50:19.340841
5026,1759.869679283994,-4.260546198356133,2020-02-28 19:50:19.340841
0032,1742.077143699599,-2.0113369996184836,2020-02-28 19:50:19.340841
5023,1767.292236803448,-3.6179866099522258,2020-02-28 19:50:20.340857
5024,1706.5626601340812,-2.2469700491315105,2020-02-28 19:50:20.340857
5025,1785.31034555541,-1.81694123642426,2020-02-28 19:50:20.340857
5026,1701.1523834479947,-2.079924736925492,2020-02-28 19:50:20.340857
0032,1724.8956033854815,-1.8004750567173184,2020-02-28 19:50:20.340857
5023,1755.1935869772221,-3.590749261004005,2020-02-28 19:50:21.341838
5024,1783.1616579895572,-4.861491359135713,2020-02-28 19:50:21.341838
5025,1721.3787318188552,-4.290464965952965,2020-02-28 19:50:21.341838
5026,1774.8592518695632,-3.8910088311413986,2020-02-28 19:50:21.341838
0032,1777.838374065602,-4.006182408820058,2020-02-28 19:50:21.341838
5023,1719.925850146404,-2.6249071371640387,2020-02-28 19:50:22.341893
5024,1736.384675272421,-3.2638809479256996,2020-02-28 19:50:22.341893
5025,1782.3760732581065,-2.7907323268018924,2020-02-28 19:50:22.341893
5026,1764.6745903612207,-3.374626286477108,2020-02-28 19:50:22.341893
0032,1729.7702331471185,-2.717158472482737,2020-02-28 19:50:22.341893
5023,1705.1716829432676,-2.7701714149959145,2020-02-28 19:50:23.342725
5024,1754.1990365688448,-2.7057309951604465,2020-02-28 19:50:23.342725
5025,1771.6454333545446,-3.0398420585104478,2020-02-28 19:50:23.342725
5026,1717.0781489940011,-2.9546620623711144,2020-02-28 19:50:23.342725
0032,1781.5275108657745,-1.8785547288112632,2020-02-28 19:50:23.342725
5023,1758.7847553335994,-3.73248934667955,2020-02-28 19:50:24.343657
5024,1760.9046058293593,-1.309612076024397,2020-02-28 19:50:24.343657
5025,1765.3256329289397,-4.060862461362829,2020-02-28 19:50:24.343657
5026,1780.2733680276367,-2.4804979123684103,2020-02-28 19:50:24.343657
0032,1744.779147336577,-4.3222286013434505,2020-02-28 19:50:24.343657
5023,1748.6849340348456,-2.4043058310094354,2020-02-28 19:50:25.344034
5024,1799.2191422843382,-3.97993388814641,2020-02-28 19:50:25.344034
5025,1776.1500325356762,-1.612022556336766,2020-02-28 19:50:25.344034
5026,1779.1656572247146,-4.140453876903372,2020-02-28 19:50:25.344034
0032,1716.2317402915226,-3.238259198149903,2020-02-28 19:50:25.344034
5023,1782.6912016158515,-5.270055806897239,2020-02-28 19:50:26.370679
5024,1733.6455048355385,-3.3572266311304806,2020-02-28 19:50:26.370679
5025,1798.6990126354171,-4.518108306745184,2020-02-28 19:50:26.370679
5026,1796.955029275981,-2.3342357238624354,2020-02-28 19:50:26.370679
0032,1761.9969315921794,-4.694970363657973,2020-02-28 19:50:26.370679
5023,1771.8463543165346,-2.673134559600339,2020-02-28 19:50:27.370703
5024,1776.9046548564797,-4.6628717480046875,2020-02-28 19:50:27.370703
5025,1785.3195909610656,-1.3989118568540788,2020-02-28 19:50:27.370703
5026,1770.5991547717567,-2.1808541121786313,2020-02-28 19:50:27.370703
0032,1798.5087899661646,-2.9283934383463914,2020-02-28 19:50:27.370703
5023,1713.9920203306808,-2.401005919370632,2020-02-28 19:50:28.370709
5024,1740.2093386084362,-3.2630128021073515,2020-02-28 19:50:28.370709
5025,1725.0266968827448,-4.698768520062577,2020-02-28 19:50:28.370709
5026,1764.4388719467004,-3.1156952859735334,2020-02-28 19:50:28.370709
0032,1749.929274134499,-4.445266821945997,2020-02-28 19:50:28.370709
5023,1771.5946011730136,-1.7322207652215265,2020-02-28 19:50:29.371156
5024,1796.671852908227,-5.166226902092651,2020-02-28 19:50:29.371156
5025,1767.5528695881537,-2.716943232687304,2020-02-28 19:50:29.371156
5026,1768.8201945816722,-2.542207745066918,2020-02-28 19:50:29.371156
0032,1721.1400201470537,-4.3748078350150825,2020-02-28 19:50:29.371156
5023,1729.1391070692764,-3.5170434124291416,2020-02-28 19:50:30.409707
5024,1728.5334672749318,-1.8831489357665,2020-02-28 19:50:30.409707
5025,1789.1851154689846,-1.414801108253092,2020-02-28 19:50:30.409707
5026,1732.582318041942,-2.0675066090421828,2020-02-28 19:50:30.409707
0032,1702.1862191198488,-3.2520341831741124,2020-02-28 19:50:30.409707
5023,1788.8946923185238,-2.8250295786118453,2020-02-28 19:50:31.410027
5024,1740.6855323634375,-4.4489615653961305,2020-02-28 19:50:31.410027
5025,1754.8446836905953,-1.5579378878977175,2020-02-28 19:50:31.410027
5026,1765.7722539517035,-2.492364942564107,2020-02-28 19:50:31.410027
0032,1712.674464979235,-4.730070507617152,2020-02-28 19:50:31.410027
5023,1722.0135865825728,-3.818243374450243,2020-02-28 19:50:32.410944
5024,1705.3418682803851,-2.1956053404368197,2020-02-28 19:50:32.410944
5025,1795.6838282633112,-1.3642732534453161,2020-02-28 19:50:32.410944
5026,1790.187728682087,-2.571225516366309,2020-02-28 19:50:32.410944
0032,1791.1206867065837,-4.011018768524288,2020-02-28 19:50:32.410944
5023,1783.2826962443296,-3.737581391526261,2020-02-28 19:50:33.411475
5024,1703.595071938163,-4.77950229448421,2020-02-28 19:50:33.411475
5025,1774.599395877943,-2.371453552363949,2020-02-28 19:50:33.411475
5026,1758.1992124202784,-1.1375718694095136,2020-02-28 19:50:33.411475
0032,1738.542053656986,-5.254525220712915,2020-02-28 19:50:33.411475
5023,1783.73335538872,-1.7807595784711583,2020-02-28 19:50:34.412208
5024,1732.110441880741,-3.046958480434012,2020-02-28 19:50:34.412208
5025,1728.9329585280143,-3.7450896254861976,2020-02-28 19:50:34.412208
5026,1783.92044941766,-4.272360545125542,2020-02-28 19:50:34.412208
0032,1721.009041442996,-4.90698595418503,2020-02-28 19:50:34.412208
5023,1704.8282092663808,-1.9304965025061125,2020-02-28 19:50:35.412286
5024,1722.8024266828545,-5.091996641843043,2020-02-28 19:50:35.412286
5025,1757.0211417730914,-4.463039958270141,2020-02-28 19:50:35.412286
5026,1700.2967996543346,-2.4615557429462918,2020-02-28 19:50:35.412286
0032,1792.292872753826,-4.616897651860136,2020-02-28 19:50:35.412286
5023,1717.6888159114328,-1.661649484765222,2020-02-28 19:50:36.413250
5024,1723.4043215159725,-4.9063899182328266,2020-02-28 19:50:36.413250
5025,1710.5965638425596,-2.6777372785889084,2020-02-28 19:50:36.413250
5026,1794.4092204381127,-4.376208977267764,2020-02-28 19:50:36.413250
0032,1745.5164944412181,-4.857210648507963,2020-02-28 19:50:36.413250
5023,1710.1933572689975,-2.009646297189197,2020-02-28 19:50:37.414135
5024,1725.2051506909756,-2.97698421844122,2020-02-28 19:50:37.414135
5025,1702.0611115557754,-2.3677761671468893,2020-02-28 19:50:37.414135
5026,1792.070877831554,-5.197539856953107,2020-02-28 19:50:37.414135
0032,1790.1946513093785,-1.3339046564512076,2020-02-28 19:50:37.414135
5023,1703.5649866809051,-3.6329909264148625,2020-02-28 19:50:38.414154
5024,1711.0712578687926,-2.4785881534527436,2020-02-28 19:50:38.414154
5025,1751.3289728963623,-5.148174507950984,2020-02-28 19:50:38.414154
5026,1782.927696914629,-2.3466562977933263,2020-02-28 19:50:38.414154
0032,1749.37462264988,-2.9632070333286378,2020-02-28 19:50:38.414154
5023,1722.0513236897402,-2.1687958080485403,2020-02-28 19:50:39.414699
5024,1794.8968256109004,-4.319565578669192,2020-02-28 19:50:39.414699
5025,1735.5524684676664,-2.615866491901617,2020-02-28 19:50:39.414699
5026,1763.7160047768396,-2.7165571237811323,2020-02-28 19:50:39.414699
0032,1791.2745923987136,-4.97622808208097,2020-02-28 19:50:39.414699
5023,1757.330890241361,-5.02628221940221,2020-02-28 19:50:40.414879
5024,1774.5485496472697,-3.908964365516198,2020-02-28 19:50:40.414879
5025,1793.9680238319045,-4.056464425666012,2020-02-28 19:50:40.414879
5026,1754.2604826892457,-2.565313766653843,2020-02-28 19:50:40.414879
0032,1705.873717151749,-5.031705983605645,2020-02-28 19:50:40.414879
5023,1794.899712745681,-3.946027050459607,2020-02-28 19:50:41.415553
5024,1701.8198154768143,-3.450997384333089,2020-02-28 19:50:41.415553
5025,1726.4895307453198,-4.362591609886728,2020-02-28 19:50:41.415553
5026,1759.9788252808264,-2.0624599203005327,2020-02-28 19:50:41.415553
0032,1729.1307679345366,-2.0023622333836557,2020-02-28 19:50:41.415553
5023,1726.8050282270387,-1.5415129217446495,2020-02-28 19:50:42.416280
5024,1733.4565312481004,-1.660746586645279,2020-02-28 19:50:42.416280
5025,1732.6579127249768,-3.549362867658017,2020-02-28 19:50:42.416280
5026,1745.1004958312553,-4.24021078112085,2020-02-28 19:50:42.416280
0032,1781.9943812723263,-2.995096551241556,2020-02-28 19:50:42.416280
5023,1791.4682685356042,-4.14136832074347,2020-02-28 19:50:43.417050
5024,1707.4630797760826,-3.561984003281043,2020-02-28 19:50:43.417050
5025,1738.269711305119,-1.2739611350355924,2020-02-28 19:50:43.417050
5026,1741.5378494591466,-1.2192132721661402,2020-02-28 19:50:43.417050
0032,1765.976240379236,-3.0632748706740784,2020-02-28 19:50:43.417050
5023,1786.740287894644,-1.6356944041840284,2020-02-28 19:50:44.417053
5024,1705.5530236519635,-2.909912847932068,2020-02-28 19:50:44.417053
5025,1712.7193520699302,-2.3106887024513223,2020-02-28 19:50:44.417053
5026,1718.1333452484548,-1.991062799222802,2020-02-28 19:50:44.417053
0032,1786.9434836313428,-4.650390194873387,2020-02-28 19:50:44.417053
5023,1747.6771097257501,-2.911770862194403,2020-02-28 19:50:45.417119
5024,1702.798322529307,-1.3554566489257587,2020-02-28 19:50:45.417119
5025,1734.2045234462207,-5.207692948127436,2020-02-28 19:50:45.417119
5026,1790.017736370539,-1.838749539263873,2020-02-28 19:50:45.417119
0032,1764.1631110534495,-2.830610064001536,2020-02-28 19:50:45.417119
5023,1741.1169348149526,-1.1563278253654543,2020-02-28 19:50:46.417571
5024,1705.6898305582113,-1.9792695486288614,2020-02-28 19:50:46.417571
5025,1745.5872131521182,-4.569355886516446,2020-02-28 19:50:46.417571
5026,1741.320032398049,-4.358421110058789,2020-02-28 19:50:46.417571
0032,1797.7616281292046,-3.4129646930269137,2020-02-28 19:50:46.417571
5023,1714.9716199047402,-4.360781817223551,2020-02-28 19:50:47.418544
5024,1744.984757134669,-4.465363194280202,2020-02-28 19:50:47.418544
5025,1727.0385405666298,-2.64331400175785,2020-02-28 19:50:47.418544
5026,1785.6735835035338,-1.952914003013864,2020-02-28 19:50:47.419520
0032,1728.864933192586,-2.0411298789685532,2020-02-28 19:50:47.419520
5023,1762.2368812559,-1.9122548267900359,2020-02-28 19:50:48.419523
5024,1751.0500598067156,-1.7420742121733745,2020-02-28 19:50:48.419523
5025,1758.8497660758394,-2.9732634705048873,2020-02-28 19:50:48.419523
5026,1721.7624714730648,-4.893290469001656,2020-02-28 19:50:48.419523
0032,1744.2377922322821,-3.1052310048891134,2020-02-28 19:50:48.419523
5023,1704.7682574620128,-1.3904617225344373,2020-02-28 19:50:49.419634
5024,1718.6374767811585,-1.9462137076516175,2020-02-28 19:50:49.419634
5025,1785.6428603340687,-4.552192145144389,2020-02-28 19:50:49.419634
5026,1738.2941035569615,-4.147246451928117,2020-02-28 19:50:49.419634
0032,1752.4965126305358,-5.1217029309034245,2020-02-28 19:50:49.419634
5023,1719.6793248894346,-3.281759041319295,2020-02-28 19:50:50.419681
5024,1759.2889757970627,-1.4818029888382416,2020-02-28 19:50:50.419681
5025,1749.7987575928732,-3.913556541201324,2020-02-28 19:50:50.419681
5026,1737.539742047057,-1.8941724173863372,2020-02-28 19:50:50.419681
0032,1763.8810492765122,-3.9260214019182187,2020-02-28 19:50:50.419681
5023,1791.8713659208197,-3.810366035954935,2020-02-28 19:50:51.419781
5024,1789.4373999258296,-3.5583940615165788,2020-02-28 19:50:51.419781
5025,1760.1538125449886,-3.5035133596458192,2020-02-28 19:50:51.419781
5026,1707.1363140583321,-1.7507262130843366,2020-02-28 19:50:51.419781
0032,1719.572857040543,-3.356276834223631,2020-02-28 19:50:51.419781
5023,1715.384693180812,-2.7800161304947446,2020-02-28 19:50:52.420059
5024,1775.5655819721044,-1.156274393861743,2020-02-28 19:50:52.420059
5025,1705.0220801568998,-4.8475503832432,2020-02-28 19:50:52.420059
5026,1745.9591803644137,-2.9229661577016492,2020-02-28 19:50:52.420059
0032,1700.578428913403,-1.804355735146295,2020-02-28 19:50:52.420059
5023,1711.884221148856,-5.123336185118425,2020-02-28 19:50:53.420507
5024,1707.5481327346788,-1.780361343227307,2020-02-28 19:50:53.420507
5025,1720.956813364321,-2.6246003897262153,2020-02-28 19:50:53.420507
5026,1730.2113273028635,-5.125995694559052,2020-02-28 19:50:53.420507
0032,1740.181040971423,-3.78220331533737,2020-02-28 19:50:53.420507
5023,1724.717892260423,-4.564291461160927,2020-02-28 19:50:54.420633
5024,1783.105309605416,-4.987814064745032,2020-02-28 19:50:54.420633
5025,1757.2593986401641,-4.06917282215934,2020-02-28 19:50:54.420633
5026,1776.1139437762665,-4.533609985037276,2020-02-28 19:50:54.420633
0032,1715.8690477366997,-3.150383110109974,2020-02-28 19:50:54.420633
5023,1747.3118659793977,-2.723013503067393,2020-02-28 19:50:55.421574
5024,1789.3489359712132,-2.69996130923448,2020-02-28 19:50:55.421574
5025,1715.869802155948,-1.3029409619858452,2020-02-28 19:50:55.421574
5026,1711.3287843045532,-2.4444993552719403,2020-02-28 19:50:55.421574
0032,1706.4474548007443,-5.121648517524981,2020-02-28 19:50:55.421574
5023,1798.0747649110904,-4.06451733542955,2020-02-28 19:50:56.422575
5024,1729.1457644018474,-3.2772908366767153,2020-02-28 19:50:56.422575
5025,1751.7190948817672,-3.254245491743497,2020-02-28 19:50:56.422575
5026,1743.8938036848947,-4.238136695324885,2020-02-28 19:50:56.422575
0032,1703.9673660011208,-1.7386949265118705,2020-02-28 19:50:56.422575
5023,1786.5049534755294,-2.1471568366288047,2020-02-28 19:50:57.423532
5024,1709.6668897067548,-1.9405220395469849,2020-02-28 19:50:57.423532
5025,1737.7256445528042,-3.010725135630073,2020-02-28 19:50:57.423532
5026,1778.028739454038,-1.7532570575182285,2020-02-28 19:50:57.423532
0032,1730.6498370536751,-4.8695029487599015,2020-02-28 19:50:57.423532
5023,1715.1057752869983,-3.471681129743205,2020-02-28 19:50:58.423667
5024,1743.3838939769553,-3.833022641940884,2020-02-28 19:50:58.423667
5025,1716.5840840430328,-2.321023416482196,2020-02-28 19:50:58.423667
5026,1786.659122175405,-1.7449645670779454,2020-02-28 19:50:58.423667
0032,1768.2111408623966,-4.488849377571276,2020-02-28 19:50:58.423667
5023,1729.1726547152539,-5.18449351986003,2020-02-28 19:50:59.423982
5024,1726.8309173589323,-2.939541532420048,2020-02-28 19:50:59.423982
5025,1782.1274294191337,-1.1177205128400667,2020-02-28 19:50:59.423982
5026,1798.7167899535518,-4.193369838373057,2020-02-28 19:50:59.423982
0032,1743.7705771076626,-3.78607066416839,2020-02-28 19:50:59.423982
5023,1783.6593171347183,-3.4446909613766774,2020-02-28 19:51:00.424134
5024,1757.1033569954575,-5.096994680626389,2020-02-28 19:51:00.424134
5025,1735.795168715215,-2.3697376724324846,2020-02-28 19:51:00.424134
5026,1742.9416747563077,-1.8888613192111956,2020-02-28 19:51:00.424134
0032,1723.0117755320734,-3.9085047572894993,2020-02-28 19:51:00.424134
5023,1786.5259140665346,-1.2548478268410337,2020-02-28 19:51:01.424689
5024,1787.066349714134,-1.8584267802369108,2020-02-28 19:51:01.424689
5025,1711.4844173804975,-2.435803695330336,2020-02-28 19:51:01.424689
5026,1764.2612185925723,-3.9483148345050108,2020-02-28 19:51:01.424689
0032,1756.4052956549938,-2.474872109945931,2020-02-28 19:51:01.424689
5023,1736.1010812419984,-2.0056472559312346,2020-02-28 19:51:02.425474
5024,1738.40695771692,-4.26703059538414,2020-02-28 19:51:02.425474
5025,1797.087336604985,-2.5002891053713463,2020-02-28 19:51:02.425474
5026,1735.387577826923,-2.832363596988968,2020-02-28 19:51:02.425474
0032,1711.9849769042414,-2.623770763652309,2020-02-28 19:51:02.425474
5023,1739.9137244215513,-4.8016294529155665,2020-02-28 19:51:03.426399
5024,1702.1563977543128,-1.134668710852135,2020-02-28 19:51:03.426399
5025,1747.3019889700647,-3.682488333127006,2020-02-28 19:51:03.426399
5026,1713.0271993006845,-2.4525366328307254,2020-02-28 19:51:03.426399
0032,1728.713237474173,-2.2384682792713257,2020-02-28 19:51:03.426399
5023,1783.5757424007838,-4.905400524569966,2020-02-28 19:51:04.426876
5024,1711.4985822010476,-3.922121190790548,2020-02-28 19:51:04.426876
5025,1721.6750179890819,-3.385540264039854,2020-02-28 19:51:04.426876
5026,1702.1000982581547,-3.008734444174561,2020-02-28 19:51:04.426876
0032,1743.2808264597743,-4.767404464984169,2020-02-28 19:51:04.426876
5023,1768.9961458251212,-1.131041823239352,2020-02-28 19:51:05.427384
5024,1728.464619942887,-4.74563259259866,2020-02-28 19:51:05.427384
5025,1750.6115997203601,-3.838693257395545,2020-02-28 19:51:05.427384
5026,1735.0260246298096,-1.1497850534420655,2020-02-28 19:51:05.427384
0032,1725.150017948134,-1.5089365390005565,2020-02-28 19:51:05.427384
5023,1733.0989135263276,-3.89553281727724,2020-02-28 19:51:06.428219
5024,1762.6555252228413,-2.425125962793234,2020-02-28 19:51:06.428219
5025,1730.9607643971374,-5.044676206075587,2020-02-28 19:51:06.428219
5026,1711.8475063751782,-1.9740298274031138,2020-02-28 19:51:06.428219
0032,1758.3038716411836,-4.5514998970641996,2020-02-28 19:51:06.428219
5023,1756.1253188885748,-4.456393792412907,2020-02-28 19:51:07.428735
5024,1775.3687078139249,-4.224029673600066,2020-02-28 19:51:07.428735
5025,1767.5018496965072,-2.4192524870868692,2020-02-28 19:51:07.428735
5026,1716.9363820006497,-3.4221915356123485,2020-02-28 19:51:07.428735
0032,1706.8581762372276,-1.9852434861452966,2020-02-28 19:51:07.428735
5023,1700.8608319787222,-1.1546613459340964,2020-02-28 19:51:08.429130
5024,1774.4174950338286,-3.697433266099389,2020-02-28 19:51:08.429130
5025,1728.4301165406155,-2.046423270032409,2020-02-28 19:51:08.429130
5026,1709.3798256516368,-4.843089450509636,2020-02-28 19:51:08.429130
0032,1772.3408813120163,-4.997268721418156,2020-02-28 19:51:08.429130
5023,1763.2792056575702,-1.9518787276737846,2020-02-28 19:51:09.429279
5024,1767.2426087116676,-1.730046210018727,2020-02-28 19:51:09.429279
5025,1754.522127444252,-1.5997374234882669,2020-02-28 19:51:09.429279
5026,1705.857238822423,-2.3049463088608757,2020-02-28 19:51:09.430321
0032,1731.2622345889924,-2.234346050427658,2020-02-28 19:51:09.430321
5023,1703.1113773171933,-2.6825896255177786,2020-02-28 19:51:10.430841
5024,1737.613517133492,-2.7541409394461716,2020-02-28 19:51:10.430841
5025,1788.5628591176167,-4.592568996009274,2020-02-28 19:51:10.430841
5026,1796.545014050395,-5.28588271686506,2020-02-28 19:51:10.430841
0032,1792.9482885688553,-5.185660394102694,2020-02-28 19:51:10.430841
5023,1702.99205541383,-4.674509498475901,2020-02-28 19:51:11.431738
5024,1792.5094438944577,-4.001112726386312,2020-02-28 19:51:11.431738
5025,1730.9707091584394,-3.6609806622283383,2020-02-28 19:51:11.431738
5026,1744.9956714322743,-3.6845372639750744,2020-02-28 19:51:11.431738
0032,1769.7714179337413,-3.6845149951448057,2020-02-28 19:51:11.431738
5023,1753.8535642755573,-2.940804230866294,2020-02-28 19:51:12.432335
5024,1740.2311092144316,-4.238437822285728,2020-02-28 19:51:12.432335
5025,1781.6352208602295,-2.406650976771182,2020-02-28 19:51:12.432335
5026,1790.0380144706237,-1.1430187561825003,2020-02-28 19:51:12.432335
0032,1741.5023787676041,-4.616841734112059,2020-02-28 19:51:12.432335
5023,1737.4186075563193,-4.5310710327491925,2020-02-28 19:51:13.432448
5024,1749.4132640386931,-1.567724715747116,2020-02-28 19:51:13.432448
5025,1789.2491065454005,-2.593517070292876,2020-02-28 19:51:13.432448
5026,1742.483105000436,-4.951269182223998,2020-02-28 19:51:13.432448
0032,1713.9061883429688,-5.287574097486445,2020-02-28 19:51:13.432448
5023,1712.4634671926087,-3.9672813777007554,2020-02-28 19:51:14.432465
5024,1781.9741330750132,-1.6338446301906049,2020-02-28 19:51:14.432465
5025,1743.4293074616735,-3.983512145269028,2020-02-28 19:51:14.432465
5026,1757.391492139823,-5.015292727806045,2020-02-28 19:51:14.432465
0032,1726.7829275665697,-3.28944648694755,2020-02-28 19:51:14.432465
5023,1788.0713984303006,-5.103360008821291,2020-02-28 19:51:15.433026
5024,1708.0543946429045,-3.40957099332763,2020-02-28 19:51:15.433026
5025,1757.4459109747836,-3.877496032526369,2020-02-28 19:51:15.433026
5026,1736.6348787531188,-4.194078138632098,2020-02-28 19:51:15.433026
0032,1779.8415175614925,-3.2001151344131955,2020-02-28 19:51:15.433026
5023,1735.510390695333,-3.9436174686523184,2020-02-28 19:51:16.433052
5024,1786.086255048534,-2.787325366579294,2020-02-28 19:51:16.433052
5025,1725.7849123096962,-5.224699434422538,2020-02-28 19:51:16.433052
5026,1748.7066485829303,-3.0832352113116483,2020-02-28 19:51:16.433052
0032,1769.0259467952758,-5.121782744610015,2020-02-28 19:51:16.433052
5023,1798.3888548392263,-3.1928265975748276,2020-02-28 19:51:17.433778
5024,1712.7099602191822,-4.070376927551263,2020-02-28 19:51:17.433778
5025,1736.499506312579,-3.6690447225246476,2020-02-28 19:51:17.433778
5026,1728.832377920821,-2.11497416337327,2020-02-28 19:51:17.433778
0032,1761.9259045336357,-5.294436412877443,2020-02-28 19:51:17.433778
5023,1704.2110053296292,-2.8793959963835722,2020-02-28 19:51:18.433781
5024,1754.33076169647,-2.51228044747828,2020-02-28 19:51:18.433781
5025,1770.9686155134264,-3.368828056024863,2020-02-28 19:51:18.433781
5026,1731.9640647557985,-2.7743057756529876,2020-02-28 19:51:18.433781
0032,1711.0477137085766,-1.5538263488350692,2020-02-28 19:51:18.433781
5023,1703.8243350082703,-4.149383569027922,2020-02-28 19:51:19.434751
5024,1709.0172137559043,-5.1694542946414845,2020-02-28 19:51:19.434751
5025,1769.6712935848184,-3.4603098053690156,2020-02-28 19:51:19.434751
5026,1733.409429967299,-1.937635402049831,2020-02-28 19:51:19.434751
0032,1708.6549227810426,-2.0372464388510596,2020-02-28 19:51:19.434751
5023,1717.095001372811,-4.439486963776266,2020-02-28 19:51:20.435116
5024,1774.5171968175498,-4.944185231948522,2020-02-28 19:51:20.435116
5025,1708.2855733967986,-3.6318104523993293,2020-02-28 19:51:20.435116
5026,1700.680395901752,-3.515771861945919,2020-02-28 19:51:20.435116
0032,1716.7894722927344,-2.418855347869551,2020-02-28 19:51:20.435116
5023,1773.1775129755442,-3.0208705481517075,2020-02-28 19:51:21.435921
5024,1758.9861065544512,-1.4031638865057334,2020-02-28 19:51:21.435921
5025,1736.9419815758754,-2.4199406040987013,2020-02-28 19:51:21.435921
5026,1735.151155042094,-2.064122238991457,2020-02-28 19:51:21.435921
0032,1712.5047854704405,-2.7959564571343885,2020-02-28 19:51:21.435921
5023,1755.283906083243,-5.292948567719692,2020-02-28 19:51:22.436146
5024,1781.062732342492,-5.24602210754638,2020-02-28 19:51:22.436146
5025,1778.5715699828454,-2.053594201965928,2020-02-28 19:51:22.436146
5026,1767.1224800024497,-4.358998962521701,2020-02-28 19:51:22.436146
0032,1709.1405877313746,-4.039267894738674,2020-02-28 19:51:22.436146
5023,1796.5064089983937,-2.7365022531093954,2020-02-28 19:51:23.436385
5024,1732.5121583923528,-4.055998841092473,2020-02-28 19:51:23.436385
5025,1742.6486231660251,-1.594181516487112,2020-02-28 19:51:23.436385
5026,1708.5040720189033,-1.9413031699265004,2020-02-28 19:51:23.436385
0032,1793.910336228815,-1.57697420120908,2020-02-28 19:51:23.436385
5023,1780.5054875890867,-3.369506984881027,2020-02-28 19:51:24.436532
5024,1748.6441485668722,-2.7072976900509373,2020-02-28 19:51:24.436532
5025,1714.6798852412699,-4.7622333118043585,2020-02-28 19:51:24.436532
5026,1755.3918937248413,-1.2037988963681157,2020-02-28 19:51:24.436532
0032,1759.6436124020258,-1.3337368573082098,2020-02-28 19:51:24.436532
5023,1715.7153683035033,-3.186350412507838,2020-02-28 19:51:25.436992
5024,1776.3799576122158,-1.6401585725519654,2020-02-28 19:51:25.436992
5025,1703.2203588445943,-2.2603182127081722,2020-02-28 19:51:25.436992
5026,1794.207705279376,-4.1574176751455925,2020-02-28 19:51:25.436992
0032,1782.656791815085,-5.240289542119933,2020-02-28 19:51:25.436992
5023,1732.023286558565,-3.870685859077598,2020-02-28 19:51:26.437133
5024,1786.9205455120666,-4.667088933227004,2020-02-28 19:51:26.437133
5025,1735.0896215860685,-1.4494444912638622,2020-02-28 19:51:26.437133
5026,1711.1178334676865,-1.9964231986696257,2020-02-28 19:51:26.437133
0032,1753.7858406091075,-1.5719448582611362,2020-02-28 19:51:26.438133
5023,1754.7449617131458,-5.003188684886177,2020-02-28 19:51:27.438905
5024,1773.1013590072348,-3.0082904506324133,2020-02-28 19:51:27.438905
5025,1736.131748725274,-5.082368968540251,2020-02-28 19:51:27.438905
5026,1754.0274136648845,-3.1465460121960294,2020-02-28 19:51:27.438905
0032,1768.7956254759386,-4.549675246404247,2020-02-28 19:51:27.438905
5023,1747.2220763829862,-2.5429557612630074,2020-02-28 19:51:28.439476
5024,1794.0075655450896,-3.9384342237860936,2020-02-28 19:51:28.439476
5025,1799.2098214027696,-1.3098722154973315,2020-02-28 19:51:28.439476
5026,1797.9968178717063,-2.191084426244617,2020-02-28 19:51:28.439476
0032,1798.9250614666203,-2.53944756208045,2020-02-28 19:51:28.439476
5023,1763.4142491824662,-4.117583256536634,2020-02-28 19:51:29.439777
5024,1714.6831622499305,-5.046112456747316,2020-02-28 19:51:29.439777
5025,1777.6232908320865,-4.97276731423719,2020-02-28 19:51:29.439777
5026,1722.859657572011,-4.836000307654144,2020-02-28 19:51:29.439777
0032,1705.9345142331451,-1.7000735250206058,2020-02-28 19:51:29.439777
5023,1728.3667194554255,-2.033214114534334,2020-02-28 19:51:30.440612
5024,1766.4764077301315,-5.2693685393480285,2020-02-28 19:51:30.440612
5025,1729.8330285052484,-4.753138737961117,2020-02-28 19:51:30.440612
5026,1722.4946368334581,-1.8665259149238183,2020-02-28 19:51:30.440612
0032,1760.533903276867,-4.033885573039406,2020-02-28 19:51:30.440612
5023,1742.5590609219973,-2.7129926151192114,2020-02-28 19:51:31.441133
5024,1798.2528950469027,-3.046930556314882,2020-02-28 19:51:31.441133
5025,1799.5562998153296,-3.7300010782844852,2020-02-28 19:51:31.441133
5026,1749.2503370788354,-3.3749525832341125,2020-02-28 19:51:31.441133
0032,1794.7694957516733,-2.8177913175053937,2020-02-28 19:51:31.441133
5023,1788.8479409366114,-4.45619713592753,2020-02-28 19:51:32.441165
5024,1768.7386943261727,-3.490824717583763,2020-02-28 19:51:32.441165
5025,1761.3467650748516,-1.5093149392290623,2020-02-28 19:51:32.441165
5026,1736.9565445953342,-1.6651562860522975,2020-02-28 19:51:32.441165
0032,1718.0523743003594,-3.708595266836538,2020-02-28 19:51:32.441165
5023,1735.5672189297188,-2.3324166497677754,2020-02-28 19:51:33.441266
5024,1772.066705584452,-2.783747245299685,2020-02-28 19:51:33.441266
5025,1793.6451378993984,-2.0773253630670983,2020-02-28 19:51:33.441266
5026,1757.8899451716827,-4.577228918478065,2020-02-28 19:51:33.441266
0032,1700.811303209154,-3.3028018752140387,2020-02-28 19:51:33.441266
5023,1767.9971574646743,-1.6602160239450048,2020-02-28 19:51:34.441750
5024,1791.5843668814655,-3.6422221130809644,2020-02-28 19:51:34.441750
5025,1741.1573677104054,-4.561769309925774,2020-02-28 19:51:34.441750
5026,1710.4475431018632,-1.1838887552115969,2020-02-28 19:51:34.441750
0032,1772.1709120351495,-1.4985780957368986,2020-02-28 19:51:34.441750
5023,1794.9139151419608,-1.2595093027530053,2020-02-28 19:51:35.443829
5024,1787.2647236588455,-5.223787532289351,2020-02-28 19:51:35.443829
5025,1733.7745276444548,-4.282140152784731,2020-02-28 19:51:35.443829
5026,1798.0715083882974,-1.2701329901664522,2020-02-28 19:51:35.443829
0032,1733.1545283793396,-1.698177411336954,2020-02-28 19:51:35.443829
5023,1779.6833777645322,-3.0556724970625564,2020-02-28 19:51:36.444032
5024,1712.6198369362617,-5.15176119669308,2020-02-28 19:51:36.444032
5025,1781.0021242041792,-3.3580653944377783,2020-02-28 19:51:36.444032
5026,1755.860065764217,-4.055155247122093,2020-02-28 19:51:36.444032
0032,1770.2692587142706,-4.611987601030693,2020-02-28 19:51:36.444032
5023,1705.5992934292149,-3.2960698736597824,2020-02-28 19:51:37.445006
5024,1786.4850000068768,-4.680434327808852,2020-02-28 19:51:37.445006
5025,1757.065192677116,-4.5882242879708794,2020-02-28 19:51:37.445006
5026,1751.317522932231,-3.625155380319167,2020-02-28 19:51:37.445006
0032,1734.5502959163227,-2.20669958381567,2020-02-28 19:51:37.445006
5023,1721.6790188132625,-4.166011803244149,2020-02-28 19:51:38.445039
5024,1762.1918868826442,-2.419228854226126,2020-02-28 19:51:38.445039
5025,1744.5723789682932,-3.653057029569495,2020-02-28 19:51:38.445039
5026,1736.8657483132797,-4.9494841864296095,2020-02-28 19:51:38.445039
0032,1732.9899727267211,-4.759716788707767,2020-02-28 19:51:38.445039
5023,1789.011135405281,-1.6081795128074061,2020-02-28 19:51:39.445965
5024,1714.9326133892225,-1.5610132875702138,2020-02-28 19:51:39.445965
5025,1706.5568893510626,-2.4913313201607488,2020-02-28 19:51:39.445965
5026,1719.3352961927562,-3.8113592517378434,2020-02-28 19:51:39.445965
0032,1793.3106223216435,-3.4482678057790723,2020-02-28 19:51:39.445965
5023,1716.1102781149573,-4.080530135937198,2020-02-28 19:51:40.445998
5024,1778.298783117212,-3.2505209348447472,2020-02-28 19:51:40.445998
5025,1759.5899810213623,-3.835281653995895,2020-02-28 19:51:40.445998
5026,1704.3208616382776,-5.039590169007605,2020-02-28 19:51:40.445998
0032,1790.6208837905997,-1.442023194864714,2020-02-28 19:51:40.445998
5023,1769.6205199771157,-3.142049698341889,2020-02-28 19:51:41.446461
5024,1722.5956208729565,-2.003981799168726,2020-02-28 19:51:41.446461
5025,1765.9215020405277,-3.8485050781636847,2020-02-28 19:51:41.446461
5026,1764.5906738651984,-4.783462447078587,2020-02-28 19:51:41.446461
0032,1746.2080131943605,-4.159808165896833,2020-02-28 19:51:41.446461
5023,1738.4546851129926,-2.919423082555274,2020-02-28 19:51:42.447427
5024,1725.028653683872,-3.59239444323236,2020-02-28 19:51:42.447427
5025,1726.6868908179092,-1.4408876101183488,2020-02-28 19:51:42.447427
5026,1757.7054815080417,-3.390441984666028,2020-02-28 19:51:42.447427
0032,1759.536488699034,-4.467134707272562,2020-02-28 19:51:42.447427
5023,1784.563356127292,-3.36566363545215,2020-02-28 19:51:43.447527
5024,1738.7282867433642,-3.7552233139657796,2020-02-28 19:51:43.447527
5025,1792.7627460006245,-1.4385072869203794,2020-02-28 19:51:43.447527
5026,1786.9218296588826,-2.485471147223606,2020-02-28 19:51:43.447527
0032,1714.425827370029,-3.5711643533005866,2020-02-28 19:51:43.447527
5023,1777.9172323311157,-1.3727594578243476,2020-02-28 19:51:44.448491
5024,1780.0478954513876,-2.8750480453800704,2020-02-28 19:51:44.448491
5025,1708.466872323322,-5.221431693422256,2020-02-28 19:51:44.448491
5026,1761.3813615527076,-4.812431591743617,2020-02-28 19:51:44.448491
0032,1732.6690710524256,-4.885904437373606,2020-02-28 19:51:44.448491
5023,1767.5985627499283,-2.3131853279575756,2020-02-28 19:51:45.449038
5024,1789.0566590169472,-3.5088635449961414,2020-02-28 19:51:45.449038
5025,1744.7268074169908,-5.01733523421429,2020-02-28 19:51:45.449038
5026,1772.2565524878862,-1.9648916025736312,2020-02-28 19:51:45.449038
0032,1784.8843650771566,-1.1986848796558567,2020-02-28 19:51:45.449038
5023,1745.7264436884223,-1.212040149122302,2020-02-28 19:51:46.449569
5024,1748.1591380798768,-3.7857892043640358,2020-02-28 19:51:46.449569
5025,1716.1091950902558,-3.5729990507120872,2020-02-28 19:51:46.449569
5026,1798.200788101864,-5.197880245098058,2020-02-28 19:51:46.449569
0032,1776.7995813546636,-5.181168086706353,2020-02-28 19:51:46.449569
5023,1771.597580984033,-4.119667909653856,2020-02-28 19:51:47.449605
5024,1732.2858519521792,-2.4040345470045272,2020-02-28 19:51:47.449605
5025,1761.0430942585292,-3.5033738403594508,2020-02-28 19:51:47.449605
5026,1711.9832227136876,-2.8317231650604753,2020-02-28 19:51:47.449605
0032,1794.1089790886583,-5.101389365661831,2020-02-28 19:51:47.449605
5023,1759.998919583777,-5.150054846567893,2020-02-28 19:51:48.450018
5024,1786.0323773772984,-1.1210548345575875,2020-02-28 19:51:48.450018
5025,1750.9792080711684,-4.147837041192522,2020-02-28 19:51:48.450018
5026,1732.847197443724,-3.6420660341185367,2020-02-28 19:51:48.450018
0032,1735.6451875383757,-3.5956943236633574,2020-02-28 19:51:48.450018
5023,1776.5440021516342,-1.3228135695710606,2020-02-28 19:51:49.465743
5024,1785.1725779245155,-4.080529171901643,2020-02-28 19:51:49.465743
5025,1738.4708359726142,-1.1706104712943475,2020-02-28 19:51:49.465743
5026,1706.7126621343823,-3.745803051288145,2020-02-28 19:51:49.465743
0032,1796.9651271687844,-3.851039776560614,2020-02-28 19:51:49.465743
5023,1713.2743137124457,-4.153465536933588,2020-02-28 19:51:50.466137
5024,1710.3374917008134,-4.591724788766545,2020-02-28 19:51:50.466137
5025,1735.4061169384645,-1.128114531148829,2020-02-28 19:51:50.466137
5026,1749.38799945235,-1.8156324071876981,2020-02-28 19:51:50.466137
0032,1733.294922800349,-3.861869368335869,2020-02-28 19:51:50.466137
5023,1779.650034880046,-1.2018947043716404,2020-02-28 19:51:51.466993
5024,1704.0326916881236,-5.105962563236846,2020-02-28 19:51:51.466993
5025,1705.797838845848,-3.1426487315578315,2020-02-28 19:51:51.466993
5026,1779.7026178791511,-3.1509676538598197,2020-02-28 19:51:51.466993
0032,1751.2765693460547,-2.8300278943740116,2020-02-28 19:51:51.466993
5023,1722.1475970987894,-3.971509665038888,2020-02-28 19:51:52.467743
5024,1745.0782977480444,-3.0526169058424557,2020-02-28 19:51:52.467743
5025,1752.2660426023592,-4.590007214456234,2020-02-28 19:51:52.467743
5026,1713.736625495907,-1.3015596506271572,2020-02-28 19:51:52.467743
0032,1733.7438226241075,-2.677391014822725,2020-02-28 19:51:52.467743
5023,1749.4105545200161,-4.907084228056451,2020-02-28 19:51:53.468120
5024,1738.8413111079403,-1.952480286868862,2020-02-28 19:51:53.468120
5025,1780.9552101769184,-4.457787649261912,2020-02-28 19:51:53.468120
5026,1792.9325428095121,-2.729068074220939,2020-02-28 19:51:53.468120
0032,1757.5818229181637,-1.3769587677590978,2020-02-28 19:51:53.468120
5023,1761.9591121178964,-1.2163797979252688,2020-02-28 19:51:54.468635
5024,1768.855849830864,-4.835322728480786,2020-02-28 19:51:54.468635
5025,1768.7502894319935,-4.973709654874997,2020-02-28 19:51:54.468635
5026,1722.3604386008421,-1.5656719651428004,2020-02-28 19:51:54.468635
0032,1738.330629052919,-1.5757785053701259,2020-02-28 19:51:54.468635
5023,1746.2050991188316,-3.862796550522858,2020-02-28 19:51:55.468882
5024,1799.607582272932,-3.507696466467131,2020-02-28 19:51:55.468882
5025,1792.575686104475,-4.4548767167470515,2020-02-28 19:51:55.468882
5026,1748.7609121998078,-1.8340616940024197,2020-02-28 19:51:55.468882
0032,1728.2294911093957,-4.776690275989963,2020-02-28 19:51:55.468882
5023,1743.9812432910207,-3.4088275016639376,2020-02-28 19:51:56.469673
5024,1776.4334072726567,-2.023000841324849,2020-02-28 19:51:56.469673
5025,1734.2473621465342,-2.6021604117712,2020-02-28 19:51:56.469673
5026,1767.2184233163819,-2.0530931525546476,2020-02-28 19:51:56.469673
0032,1720.9868382694692,-1.7689771918957828,2020-02-28 19:51:56.469673
5023,1786.3711478879663,-2.9993841289578325,2020-02-28 19:51:57.469820
5024,1789.6519256148358,-3.804593463106502,2020-02-28 19:51:57.469820
5025,1777.3887267209873,-3.621026532977896,2020-02-28 19:51:57.469820
5026,1777.6438308305496,-4.5143952805612955,2020-02-28 19:51:57.469820
0032,1750.9239899330303,-3.1699930825219194,2020-02-28 19:51:57.469820
5023,1701.3944069109173,-1.5948213408576621,2020-02-28 19:51:58.470251
5024,1750.341732952498,-4.8497685131306545,2020-02-28 19:51:58.470251
5025,1713.8746580740028,-3.124756441622194,2020-02-28 19:51:58.470251
5026,1759.2027621937505,-1.3106522876490434,2020-02-28 19:51:58.470251
0032,1712.1161269472889,-4.611701217491926,2020-02-28 19:51:58.470251
5023,1760.0767540812797,-4.055654739869777,2020-02-28 19:51:59.470253
5024,1765.3951454354312,-2.716677700527747,2020-02-28 19:51:59.470253
5025,1717.089363080906,-3.8609067996056767,2020-02-28 19:51:59.470253
5026,1742.826346712884,-5.196770193186378,2020-02-28 19:51:59.470253
0032,1730.3031264202375,-4.121353235667321,2020-02-28 19:51:59.470253
5023,1798.14796913867,-3.531672864531388,2020-02-28 19:52:00.470281
5024,1708.313362332919,-2.9416782854089787,2020-02-28 19:52:00.470281
5025,1729.6033928895415,-2.8178533493817985,2020-02-28 19:52:00.470281
5026,1732.574652675776,-2.6510801992510826,2020-02-28 19:52:00.470281
0032,1779.2924838977601,-2.4764319126475565,2020-02-28 19:52:00.470281
5023,1702.8280109481775,-1.991370939826266,2020-02-28 19:52:01.470422
5024,1714.211740526257,-3.848595038619375,2020-02-28 19:52:01.470422
5025,1772.6834230220206,-2.2992461009579044,2020-02-28 19:52:01.470422
5026,1706.4109341090414,-4.971592618042885,2020-02-28 19:52:01.470422
0032,1785.3084374907053,-1.6580849991261308,2020-02-28 19:52:01.470422
5023,1745.7007136531834,-3.3070475240690578,2020-02-28 19:52:02.471326
5024,1741.241586895086,-1.9494586135163208,2020-02-28 19:52:02.471326
5025,1796.5987219574904,-4.6499109837172865,2020-02-28 19:52:02.471326
5026,1714.0114463608068,-2.6626888199881087,2020-02-28 19:52:02.471326
0032,1720.3473359087193,-4.478912518102665,2020-02-28 19:52:02.471326
5023,1737.369277403982,-1.1596870028115775,2020-02-28 19:52:03.484567
5024,1742.765078648625,-5.165299793616938,2020-02-28 19:52:03.484567
5025,1747.1188210346484,-4.830387534389884,2020-02-28 19:52:03.484567
5026,1773.966300733269,-4.258984200625861,2020-02-28 19:52:03.484567
0032,1747.7863806022806,-2.412812371542574,2020-02-28 19:52:03.484567
5023,1752.5997028779618,-2.2195444957355064,2020-02-28 19:52:04.500157
5024,1720.280362730984,-5.220018893754071,2020-02-28 19:52:04.500157
5025,1721.423841438696,-1.2697477108145465,2020-02-28 19:52:04.500157
5026,1759.0418240514296,-2.777788878023076,2020-02-28 19:52:04.500157
0032,1712.7172131526772,-5.15301134783617,2020-02-28 19:52:04.500157
5023,1773.5853089643465,-4.049876295043269,2020-02-28 19:52:05.515744
5024,1740.7034493741066,-3.074197725600835,2020-02-28 19:52:05.515744
5025,1718.2059168753851,-4.217579932844764,2020-02-28 19:52:05.515744
5026,1756.4030266188577,-4.709972742266259,2020-02-28 19:52:05.515744
0032,1707.8244205210942,-2.0144729229099054,2020-02-28 19:52:05.515744
5023,1747.7801511087841,-3.170194908345858,2020-02-28 19:52:06.531320
5024,1709.5919675784826,-1.476398500869196,2020-02-28 19:52:06.531320
5025,1710.0771199171643,-3.7771357498191325,2020-02-28 19:52:06.531320
5026,1773.5726953545955,-3.9565378713350317,2020-02-28 19:52:06.531320
0032,1766.6980051408777,-1.7226978885716835,2020-02-28 19:52:06.531320
5023,1787.1807838424047,-5.255734584073391,2020-02-28 19:52:07.546914
5024,1786.816172223371,-4.092457239764739,2020-02-28 19:52:07.546914
5025,1789.9556004598587,-3.600606075362597,2020-02-28 19:52:07.546914
5026,1780.204787818208,-2.2510675349607103,2020-02-28 19:52:07.546914
0032,1708.5664856841686,-1.5442439850527876,2020-02-28 19:52:07.546914
5023,1787.078700751891,-4.712257254116732,2020-02-28 19:52:08.547403
5024,1796.7644725715222,-1.5718270591647432,2020-02-28 19:52:08.547403
5025,1799.2881494513406,-4.699674176998384,2020-02-28 19:52:08.547403
5026,1795.47110880755,-2.576771710728292,2020-02-28 19:52:08.547403
0032,1769.0681057221557,-2.883703610140341,2020-02-28 19:52:08.547403
5023,1789.3839158992796,-1.7682232934417574,2020-02-28 19:52:09.552961
5024,1786.2082990463646,-3.222749884943244,2020-02-28 19:52:09.552961
5025,1755.898411087958,-1.9301110856706658,2020-02-28 19:52:09.552961
5026,1785.2020045719003,-4.770325492361197,2020-02-28 19:52:09.552961
0032,1726.799694810146,-1.5830582923582202,2020-02-28 19:52:09.552961
5023,1731.224028256677,-2.013664761369078,2020-02-28 19:52:10.568557
5024,1726.17838411486,-1.6721547814523285,2020-02-28 19:52:10.568557
5025,1736.7651825961816,-4.46650567348954,2020-02-28 19:52:10.568557
5026,1767.0443314140107,-3.9667619259066793,2020-02-28 19:52:10.568557
0032,1787.3576133262613,-1.8515777900763233,2020-02-28 19:52:10.568557
